7.2,0.31,0.35,7.2,0.046,45.0,178.0,0.9955,3.14,0.53,9.7,0
6.3,0.32,0.35,11.1,0.039,29.0,198.0,0.9984,3.36,0.5,9.4,0
7.4,0.27,0.52,15.7,0.054,36.0,139.0,0.99788,3.04,0.62,10.0333333333333,0
5.7,0.21,0.25,1.1,0.035,26.0,81.0,0.9902,3.31,0.52,11.4,0
6.4,0.26,0.43,12.6,0.033,64.0,230.0,0.9974,3.08,0.38,8.9,0
7.0,0.48,0.12,4.5,0.05,23.0,86.0,0.99398,2.86,0.35,9.0,0
6.2,0.31,0.21,6.3,0.041,50.0,218.0,0.9941,3.15,0.6,10.0,0
5.6,0.26,0.0,10.2,0.038,13.0,111.0,0.99315,3.44,0.46,12.4,0
6.8,0.57,0.0,2.5,0.072,32.0,64.0,0.99491,3.43,0.56,11.2,1
6.5,0.26,0.5,8.0,0.051,46.0,197.0,0.99536,3.18,0.47,9.5,0
9.1,0.785,0.0,2.6,0.093,11.0,28.0,0.9994,3.36,0.86,9.4,1
10.0,0.26,0.54,1.9,0.083,42.0,74.0,0.99451,2.98,0.63,11.8,1
7.2,0.32,0.24,5.6,0.033,23.0,120.0,0.99334,2.92,0.66,10.3,0
11.3,0.34,0.45,2.0,0.0819999999999999,6.0,15.0,0.9988,2.94,0.66,9.2,1
5.6,0.66,0.0,2.2,0.087,3.0,11.0,0.99378,3.71,0.63,12.8,1
6.4,0.29,0.21,9.65,0.041,36.0,119.0,0.99334,2.99,0.34,10.9333333333333,0
6.6,0.3,0.25,8.0,0.036,21.0,124.0,0.99362,3.06,0.38,10.8,0
7.4,0.785,0.19,5.2,0.094,19.0,98.0,0.99713,3.16,0.52,9.56666666666667,1
6.1,0.28,0.27,4.7,0.03,56.0,140.0,0.99042,3.16,0.42,12.5,0
7.9,0.3,0.27,8.5,0.036,20.0,112.0,0.9939,2.96,0.46,11.7,0
6.2,0.36,0.24,2.2,0.095,19.0,42.0,0.9946,3.57,0.57,11.7,1
6.5,0.39,0.23,8.3,0.051,28.0,91.0,0.9952,3.44,0.55,12.1,1
6.1,0.25,0.3,1.2,0.036,42.0,107.0,0.991,3.34,0.56,10.8,0
6.6,0.36,0.28,6.1,0.029,12.0,93.0,0.99054,3.19,0.27,12.8,0
5.3,0.715,0.19,1.5,0.161,7.0,62.0,0.99395,3.62,0.61,11.0,1
5.3,0.3,0.3,1.2,0.029,25.0,93.0,0.98742,3.31,0.4,13.6,0
8.5,0.16,0.33,1.0,0.076,17.0,57.0,0.9921,3.14,0.46,10.6,0
6.9,0.28,0.22,10.0,0.052,36.0,131.0,0.99696,3.08,0.46,9.6,0
7.3,0.18,0.29,1.2,0.044,12.0,143.0,0.9918,3.2,0.48,11.3,0
6.9,0.44,0.0,1.4,0.07,32.0,38.0,0.99438,3.32,0.58,11.4,1
7.3,0.24,0.34,15.4,0.05,38.0,174.0,0.9983,3.03,0.42,9.0,0
6.0,0.22,0.33,12.2,0.033,25.0,97.0,0.99356,3.17,0.42,11.3,0
10.3,0.44,0.5,4.5,0.107,5.0,13.0,0.998,3.28,0.83,11.5,1
6.8,0.28,0.29,11.9,0.052,51.0,149.0,0.99544,3.02,0.58,10.4,0
7.1,0.59,0.01,2.3,0.08,27.0,43.0,0.9955,3.42,0.58,10.7,1
6.8,0.18,0.32,7.2,0.047,17.0,109.0,0.99498,3.42,0.44,10.4,0
6.4,0.33,0.3,7.2,0.041,42.0,168.0,0.99331,3.22,0.49,11.1,0
6.8,0.15,0.3,5.3,0.05,40.0,127.0,0.9942,3.4,0.39,9.7,0
7.4,0.32,0.55,16.6,0.056,53.0,238.0,1.0017,2.96,0.58,8.7,0
6.0,0.28,0.52,6.2,0.028,37.0,104.0,0.99161,3.28,0.51,11.8,0
8.9,0.43,0.45,1.9,0.052,6.0,16.0,0.9948,3.35,0.7,12.5,1
6.7,0.29,0.49,4.7,0.034,35.0,156.0,0.9945,3.13,0.45,9.9,0
9.6,0.6,0.5,2.3,0.079,28.0,71.0,0.9997,3.5,0.57,9.7,1
6.0,0.28,0.52,6.2,0.028,37.0,104.0,0.99161,3.28,0.51,11.8,0
6.1,0.31,0.58,5.0,0.039,36.0,114.0,0.9909,3.3,0.6,12.3,0
7.8,0.25,0.37,1.0,0.043,10.0,80.0,0.99128,3.08,0.38,11.4,0
8.2,0.6,0.17,2.3,0.072,11.0,73.0,0.9963,3.2,0.45,9.3,1
6.7,0.24,0.32,9.0,0.023,20.0,109.0,0.99262,3.34,0.35,12.6,0
8.3,0.42,0.62,19.25,0.04,41.0,172.0,1.0002,2.98,0.67,9.7,0
5.7,0.6,0.0,1.4,0.063,11.0,18.0,0.99191,3.45,0.56,12.2,1
7.8,0.21,0.49,1.35,0.052,6.0,48.0,0.9911,3.15,0.28,11.4,0
5.3,0.3,0.2,1.1,0.077,48.0,166.0,0.9944,3.3,0.54,8.7,0
5.1,0.33,0.27,6.7,0.022,44.0,129.0,0.99221,3.36,0.39,11.0,0
6.0,0.28,0.27,4.1,0.046,50.0,147.0,0.99126,3.27,0.56,11.6,0
6.0,0.37,0.32,1.0,0.053,31.0,218.5,0.9924,3.29,0.72,9.8,0
7.8,0.965,0.6,65.8,0.074,8.0,160.0,1.03898,3.39,0.69,11.7,0
9.4,0.26,0.53,1.2,0.047,25.0,109.0,0.9921,3.23,0.28,12.5,0
12.1,0.4,0.52,2.0,0.092,15.0,54.0,1.0,3.03,0.66,10.2,1
7.5,0.55,0.24,2.0,0.078,10.0,28.0,0.9983,3.45,0.78,9.5,1
6.9,0.33,0.21,1.0,0.053,39.0,148.0,0.9927,3.12,0.45,9.4,0
6.3,0.25,0.23,14.9,0.039,47.0,142.0,0.99705,3.14,0.35,9.7,0
10.5,0.24,0.47,2.1,0.066,6.0,24.0,0.9978,3.15,0.9,11.0,1
7.6,0.48,0.31,2.8,0.07,4.0,15.0,0.99693,3.22,0.55,10.3,1
7.2,0.36,0.46,2.1,0.074,24.0,44.0,0.99534,3.4,0.85,11.0,1
6.8,0.2,0.59,0.9,0.147,38.0,132.0,0.993,3.05,0.38,9.1,0
7.5,0.19,0.49,1.6,0.047,42.0,140.0,0.9932,3.4,0.47,10.7,0
6.5,0.41,0.24,14.0,0.048,24.0,113.0,0.9982,3.44,0.53,9.8,0
7.6,0.31,0.27,5.8,0.036,23.0,109.0,0.99399,3.34,0.54,11.0,0
6.4,0.25,0.33,1.7,0.037,35.0,113.0,0.99164,3.23,0.66,10.6,0
7.1,0.42,0.2,2.8,0.038,28.0,109.0,0.98968,3.23,0.47,13.4,0
10.6,0.36,0.6,2.2,0.152,7.0,18.0,0.9986,3.04,1.06,9.4,1
7.5,0.42,0.2,1.4,0.06,15.0,168.0,0.9944,3.06,0.4,9.4,0
6.4,0.31,0.27,7.4,0.049,48.0,169.0,0.99323,3.27,0.45,11.1,0
6.3,0.2,0.3,5.9,0.034,35.0,152.0,0.99642,3.47,0.4,8.5,0
7.8,0.6,0.26,2.0,0.08,31.0,131.0,0.99622,3.21,0.52,9.9,1
6.8,0.67,0.3,13.0,0.29,22.0,193.0,0.9984,3.08,0.67,9.0,0
6.8,0.45,0.28,26.05,0.031,27.0,122.0,1.00295,3.06,0.42,10.6,0
6.6,0.25,0.24,1.7,0.048,26.0,124.0,0.9942,3.37,0.6,10.1,0
7.2,0.25,0.19,8.0,0.044,51.0,172.0,0.9964,3.16,0.44,9.2,0
6.5,0.9,0.0,1.6,0.052,9.0,17.0,0.99467,3.5,0.63,10.9,1
7.4,0.53,0.26,2.0,0.1009999999999999,16.0,72.0,0.9957,3.15,0.57,9.4,1
6.5,0.28,0.25,4.8,0.029,54.0,128.0,0.99074,3.17,0.44,12.2,0
7.7,0.56,0.2,2.0,0.075,9.0,39.0,0.9987,3.48,0.62,9.3,1
7.1,0.23,0.35,16.5,0.04,60.0,171.0,0.999,3.16,0.59,9.1,0
5.5,0.375,0.38,1.7,0.036,17.0,98.0,0.99142,3.29,0.39,10.5,0
6.9,0.16,0.3,9.6,0.057,50.0,185.0,0.9978,3.39,0.38,9.6,0
7.1,0.53,0.07,1.7,0.071,15.0,24.0,0.9951,3.29,0.66,10.8,1
6.3,0.17,0.32,4.2,0.04,37.0,117.0,0.99182,3.24,0.43,11.3,0
6.4,0.26,0.4,1.7,0.179,5.0,60.0,0.9925,3.09,0.54,10.1,0
9.0,0.17,0.49,1.0,0.039,46.0,131.0,0.993,3.09,0.51,10.5,0
6.9,0.27,0.25,7.5,0.03,18.0,117.0,0.99116,3.09,0.38,13.0,0
7.0,0.36,0.25,5.7,0.015,14.0,73.0,0.98963,2.82,0.59,13.2,0
7.3,0.35,0.67,8.3,0.053,10.0,100.0,0.9959,3.19,0.5,10.9,0
7.3,0.51,0.18,2.1,0.07,12.0,28.0,0.99768,3.52,0.73,9.5,1
6.8,0.21,0.55,14.6,0.053,34.0,159.0,0.99805,2.93,0.44,9.2,0
7.9,0.545,0.06,4.0,0.087,27.0,61.0,0.9965,3.36,0.67,10.7,1
6.1,0.32,0.25,2.3,0.071,23.0,58.0,0.99633,3.42,0.97,10.6,1
7.6,0.13,0.34,9.3,0.062,40.0,126.0,0.9966,3.21,0.39,9.6,0
8.8,0.42,0.21,2.5,0.092,33.0,88.0,0.99823,3.19,0.52,9.2,1
7.1,0.2,0.36,11.6,0.042,45.0,124.0,0.997,2.92,0.59,9.5,0
6.7,0.33,0.36,6.6,0.042,34.0,116.0,0.99123,2.97,0.31,12.2,0
7.1,0.2,0.31,6.85,0.053,32.0,211.0,0.99587,3.31,0.59,10.4,0
5.8,0.61,0.11,1.8,0.066,18.0,28.0,0.99483,3.55,0.66,10.9,1
13.3,0.29,0.75,2.8,0.084,23.0,43.0,0.9986,3.04,0.68,11.4,1
7.1,0.69,0.04,2.1,0.068,19.0,27.0,0.99712,3.44,0.67,9.8,1
8.0,0.42,0.17,2.0,0.073,6.0,18.0,0.9972,3.29,0.61,9.2,1
6.2,0.2,0.49,1.6,0.065,17.0,143.0,0.9937,3.22,0.52,9.2,0
8.1,0.12,0.38,0.9,0.034,36.0,86.0,0.99026,2.8,0.55,12.0,0
6.1,0.21,0.4,1.4,0.066,40.5,165.0,0.9912,3.25,0.59,11.9,1
7.9,0.22,0.45,14.2,0.038,53.0,141.0,0.9992,3.03,0.46,9.2,0
5.8,1.01,0.66,2.0,0.039,15.0,88.0,0.99357,3.66,0.6,11.5,1
7.6,0.2,0.3,14.2,0.056,53.0,212.5,0.999,3.14,0.46,8.9,0
7.9,0.46,0.32,4.1,0.033,40.0,138.0,0.9912,3.18,0.44,12.8,0
7.0,0.15,0.28,14.7,0.051,29.0,149.0,0.99792,2.96,0.39,9.0,0
6.7,0.27,0.25,8.0,0.053,54.0,202.0,0.9961,3.22,0.43,9.3,0
7.4,0.19,0.31,14.5,0.045,39.0,193.0,0.9986,3.1,0.5,9.2,0
7.5,0.59,0.22,1.8,0.0819999999999999,43.0,60.0,0.99499,3.1,0.42,9.2,1
8.6,0.18,0.36,1.8,0.04,24.0,187.0,0.9956,3.25,0.55,9.5,0
7.7,0.54,0.26,1.9,0.089,23.0,147.0,0.99636,3.26,0.59,9.7,1
9.0,0.4,0.41,2.0,0.0579999999999999,15.0,40.0,0.99414,3.22,0.6,12.2,1
7.7,0.23,0.31,10.7,0.038,59.0,186.0,0.9969,3.12,0.55,9.5,0
8.2,0.345,1.0,18.2,0.047,55.0,205.0,0.99965,2.96,0.43,9.6,0
8.8,0.41,0.64,2.2,0.093,9.0,42.0,0.9986,3.54,0.66,10.5,1
8.3,0.675,0.26,2.1,0.084,11.0,43.0,0.9976,3.31,0.53,9.2,1
6.1,0.36,0.41,19.35,0.07,67.0,207.0,1.00118,3.39,0.53,9.1,0
7.5,0.43,0.3,2.2,0.062,6.0,12.0,0.99495,3.44,0.72,11.5,1
5.9,0.28,0.39,1.4,0.031,47.0,147.0,0.98836,3.08,0.64,12.9,0
6.0,0.32,0.3,1.9,0.033,41.0,142.0,0.98912,3.29,0.42,12.8,0
6.9,0.28,0.24,2.1,0.034,49.0,121.0,0.98882,2.98,0.43,13.2,0
5.8,0.28,0.3,1.5,0.026,31.0,114.0,0.98952,3.32,0.6,12.5,0
8.3,0.31,0.39,2.4,0.078,17.0,43.0,0.99444,3.31,0.77,12.5,1
8.9,0.565,0.34,3.0,0.093,16.0,112.0,0.9998,3.38,0.61,9.5,1
10.2,0.67,0.39,1.9,0.054,6.0,17.0,0.9976,3.17,0.47,10.0,1
7.2,0.5,0.0,0.8,0.034,46.0,114.0,0.9932,3.19,0.34,9.2,0
7.0,0.44,0.24,12.1,0.056,68.0,210.0,0.99718,3.05,0.5,9.5,0
6.3,0.21,0.29,11.7,0.048,49.0,147.0,0.99482,3.22,0.38,10.8,0
7.2,0.24,0.36,2.0,0.029,21.0,63.0,0.99076,3.13,0.63,12.5,0
6.8,0.19,0.71,17.5,0.042,21.0,114.0,0.99784,2.85,0.5,9.5,0
6.0,0.4,0.3,1.6,0.047,30.0,117.0,0.9931,3.17,0.48,10.1,0
7.8,0.28,0.22,1.4,0.056,24.0,130.0,0.9944,3.28,0.48,9.5,0
7.0,0.36,0.32,10.5,0.045,35.0,135.0,0.9935,3.09,0.33,11.6,0
9.8,0.51,0.19,3.2,0.081,8.0,30.0,0.9984,3.23,0.58,10.5,1
6.6,0.64,0.28,4.4,0.032,19.0,78.0,0.99036,3.11,0.62,12.9,0
4.8,0.21,0.21,10.2,0.037,17.0,112.0,0.99324,3.66,0.48,12.2,0
6.8,0.28,0.37,7.0,0.057,35.0,208.0,0.9973,3.57,0.55,10.2,0
7.6,0.37,0.34,3.2,0.028,42.0,162.0,0.9903,3.01,0.33,12.4,0
6.0,0.16,0.22,1.6,0.042,36.0,106.0,0.9905,3.24,0.32,11.4,0
6.3,0.36,0.28,2.5,0.035,18.0,73.0,0.98868,3.1,0.47,12.8,0
6.5,0.08,0.33,1.9,0.028,23.0,93.0,0.991,3.34,0.7,12.0,0
7.4,0.19,0.31,14.5,0.045,39.0,193.0,0.9986,3.1,0.5,9.2,0
7.0,0.16,0.26,7.3,0.047,30.0,220.0,0.99622,3.38,0.58,10.1,0
10.1,0.38,0.5,2.4,0.104,6.0,13.0,0.99643,3.22,0.65,11.6,1
6.8,0.22,0.24,4.9,0.092,30.0,123.0,0.9951,3.03,0.46,8.6,0
5.4,0.22,0.35,6.5,0.029,26.0,87.0,0.99092,3.29,0.44,12.5,0
7.0,0.16,0.32,1.1,0.032,29.0,80.0,0.98972,3.23,0.36,12.1,0
10.0,0.41,0.45,6.2,0.071,6.0,14.0,0.99702,3.21,0.49,11.8,1
7.2,0.835,0.0,2.0,0.166,4.0,11.0,0.99608,3.39,0.52,10.0,1
6.8,0.22,0.35,17.5,0.039,38.0,153.0,0.9994,3.24,0.42,9.0,0
5.8,0.33,0.23,5.0,0.053,29.0,106.0,0.99458,3.13,0.52,9.0,0
7.3,0.25,0.39,6.4,0.034,8.0,84.0,0.9942,3.18,0.46,11.5,0
8.0,0.43,0.36,2.3,0.075,10.0,48.0,0.9976,3.34,0.46,9.4,1
5.8,0.54,0.0,1.4,0.033,40.0,107.0,0.98918,3.26,0.35,12.4,0
6.0,0.14,0.37,1.2,0.032,63.0,148.0,0.99185,3.32,0.44,11.2,0
6.9,0.16,0.3,9.6,0.057,50.0,185.0,0.9978,3.39,0.38,9.6,0
7.9,0.4,0.29,1.8,0.157,1.0,44.0,0.9973,3.3,0.92,9.5,1
6.4,0.35,0.28,12.6,0.039,19.0,124.0,0.99539,3.2,0.43,10.6,0
7.3,0.26,0.33,17.85,0.049,41.5,195.0,1.0,3.06,0.44,9.1,0
7.7,0.34,0.3,8.0,0.048,25.0,192.0,0.9951,2.97,0.47,10.9,0
5.8,0.26,0.18,1.2,0.031,40.0,114.0,0.9908,3.42,0.4,11.0,0
9.9,0.72,0.55,1.7,0.136,24.0,52.0,0.99752,3.35,0.94,10.0,1
6.0,0.28,0.52,5.0,0.078,30.0,139.0,0.99494,3.1,0.36,9.0,0
7.6,0.22,0.28,12.0,0.056,68.0,143.0,0.9983,2.99,0.3,9.2,0
7.0,0.53,0.43,6.1,0.029,6.0,76.0,0.99118,3.08,0.5,12.5,0
7.0,0.26,0.59,1.4,0.037,40.0,120.0,0.9918,3.34,0.41,11.1,0
7.3,0.25,0.41,1.8,0.037,52.0,165.0,0.9911,3.29,0.39,12.2,0
6.1,0.44,0.28,4.25,0.032,43.0,132.0,0.9916,3.26,0.47,11.3,0
9.4,0.43,0.24,2.8,0.092,14.0,45.0,0.998,3.19,0.73,10.0,1
6.3,0.23,0.21,5.1,0.035,29.0,142.0,0.9942,3.36,0.33,10.1,0
6.7,0.11,0.26,14.8,0.053,44.0,95.0,0.99676,3.2,0.35,9.8,0
7.1,0.28,0.49,6.5,0.041,28.0,111.0,0.9926,3.41,0.58,12.2,0
8.5,0.15,0.49,1.5,0.031,17.0,122.0,0.9932,3.03,0.4,10.3,0
7.4,0.59,0.08,4.4,0.086,6.0,29.0,0.9974,3.38,0.5,9.0,1
6.3,0.32,0.17,17.75,0.06,51.0,190.0,0.99916,3.13,0.48,8.8,0
9.0,0.58,0.25,2.0,0.104,8.0,21.0,0.99769,3.27,0.72,9.6,1
8.9,0.31,0.57,2.0,0.111,26.0,85.0,0.9971,3.26,0.53,9.7,1
6.5,0.26,0.34,1.4,0.04,25.0,184.0,0.99216,3.29,0.46,10.7,0
6.3,0.47,0.0,1.4,0.055,27.0,33.0,0.9922,3.45,0.48,12.3,1
7.7,0.43,0.25,2.6,0.073,29.0,63.0,0.99615,3.37,0.58,10.5,1
9.0,0.55,0.3,8.1,0.026,14.0,71.0,0.993,2.94,0.36,11.8,0
5.6,0.28,0.28,4.2,0.044,52.0,158.0,0.992,3.35,0.44,10.7,0
6.4,0.34,0.44,8.2,0.043,54.0,201.0,0.99551,3.18,0.48,9.5,0
7.6,0.36,0.48,13.5,0.038,44.0,116.0,0.9982,3.04,0.48,9.2,0
8.1,0.33,0.36,7.4,0.037,36.0,156.0,0.99592,3.19,0.54,10.6,0
10.0,0.91,0.42,1.6,0.056,34.0,181.0,0.9968,3.11,0.46,10.0,0
8.7,0.675,0.1,1.6,0.09,4.0,11.0,0.99745,3.31,0.65,9.55,1
6.8,0.37,0.51,11.8,0.044,62.0,163.0,0.9976,3.19,0.44,8.8,0
7.1,0.64,0.49,1.8,0.05,17.0,128.0,0.9946,3.31,0.58,10.6,0
6.6,0.705,0.07,1.6,0.076,6.0,15.0,0.9962,3.44,0.58,10.7,1
6.1,0.25,0.48,15.8,0.052,25.0,94.0,0.99782,3.07,0.45,9.2,0
7.9,0.32,0.51,1.8,0.341,17.0,56.0,0.9969,3.04,1.08,9.2,1
8.5,0.19,0.48,1.1,0.026,23.0,58.0,0.99184,2.9,0.5,10.5,0
8.1,0.24,0.38,4.3,0.044,49.0,172.0,0.996,3.37,0.74,10.8,0
9.8,0.66,0.39,3.2,0.083,21.0,59.0,0.9989,3.37,0.71,11.5,1
7.0,0.18,0.49,5.3,0.04,34.0,125.0,0.9914,3.24,0.4,12.2,0
5.8,0.13,0.26,5.1,0.039,19.0,103.0,0.99478,3.36,0.47,9.3,0
11.8,0.33,0.49,3.4,0.093,54.0,80.0,1.0002,3.3,0.76,10.7,1
4.7,0.67,0.09,1.0,0.02,5.0,9.0,0.98722,3.3,0.34,13.6,0
6.3,0.28,0.24,8.45,0.031,32.0,172.0,0.9958,3.39,0.57,9.7,0
6.9,0.46,0.2,0.9,0.054,5.0,126.0,0.992,3.1,0.42,10.4,0
6.8,0.24,0.34,2.7,0.047,64.5,218.5,0.9934,3.3,0.58,9.7,0
6.6,0.22,0.28,4.9,0.042,51.0,180.0,0.9952,3.3,0.75,9.5,0
7.5,0.6,0.03,1.8,0.095,25.0,99.0,0.995,3.35,0.54,10.1,1
6.1,0.2,0.34,9.5,0.041,38.0,201.0,0.995,3.14,0.44,10.1,0
10.0,0.46,0.44,2.9,0.065,4.0,8.0,0.99674,3.33,0.62,12.2,1
7.1,0.36,0.4,1.95,0.033,26.0,118.0,0.98934,3.2,0.45,13.5,0
9.1,0.33,0.38,1.7,0.062,50.5,344.0,0.9958,3.1,0.7,9.5,0
5.6,0.12,0.26,4.3,0.038,18.0,97.0,0.99477,3.36,0.46,9.2,0
6.7,0.42,0.46,9.7,0.054,67.0,234.0,0.99848,3.23,0.5,9.0,0
6.5,0.25,0.5,7.6,0.047,54.0,184.0,0.99572,3.17,0.45,9.2,0
7.7,0.28,0.58,12.1,0.046,60.0,177.0,0.9983,3.08,0.46,8.9,0
6.4,0.22,0.32,7.2,0.028,15.0,83.0,0.993,3.13,0.55,10.9,0
8.6,0.49,0.28,1.9,0.11,20.0,136.0,0.9972,2.93,1.95,9.9,1
6.7,0.38,0.26,9.55,0.036,35.0,91.0,0.9919,2.98,0.37,12.4,0
8.9,0.75,0.14,2.5,0.086,9.0,30.0,0.99824,3.34,0.64,10.5,1
6.7,0.21,0.34,1.5,0.035,45.0,123.0,0.98949,3.24,0.36,12.6,0
6.4,0.79,0.04,2.2,0.061,11.0,17.0,0.99588,3.53,0.65,10.4,1
5.0,0.44,0.04,18.6,0.039,38.0,128.0,0.9985,3.37,0.57,10.2,0
7.7,0.39,0.12,1.7,0.0969999999999999,19.0,27.0,0.99596,3.16,0.49,9.4,1
8.2,0.635,0.1,2.1,0.073,25.0,60.0,0.99638,3.29,0.75,10.9,1
6.1,0.36,0.16,6.4,0.037,36.0,198.0,0.9944,3.17,0.62,9.9,0
8.9,0.48,0.24,2.85,0.094,35.0,106.0,0.9982,3.1,0.53,9.2,1
6.7,0.24,0.39,2.9,0.173,63.0,157.0,0.9937,3.1,0.34,9.4,0
7.4,0.36,0.33,1.4,0.025,27.0,55.0,0.9915,3.21,0.33,11.2,0
6.2,0.28,0.51,7.9,0.056,49.0,206.0,0.9956,3.18,0.52,9.4,0
6.5,0.32,0.3,2.3,0.051,20.0,127.0,0.98964,3.13,0.52,12.8,0
5.9,0.3,0.3,2.0,0.03,38.0,142.0,0.98892,3.41,0.41,12.9,0
7.0,0.43,0.3,2.0,0.085,6.0,39.0,0.99346,3.33,0.46,11.9,1
7.1,0.22,0.74,2.7,0.044,42.0,144.0,0.991,3.31,0.41,12.2,0
7.8,0.26,0.49,3.2,0.027,28.0,87.0,0.9919,3.03,0.32,11.3,0
7.3,0.24,0.3,2.5,0.042,31.0,104.0,0.9911,3.05,0.56,11.3,0
6.4,0.22,0.49,7.5,0.054,42.0,151.0,0.9948,3.27,0.52,10.1,0
9.0,0.4,0.43,2.4,0.068,29.0,46.0,0.9943,3.2,0.6,12.2,1
7.2,0.23,0.39,1.5,0.053,26.0,106.0,0.99166,3.18,0.47,11.1,0
5.8,0.34,0.21,6.6,0.04,50.0,167.0,0.9941,3.29,0.62,10.0,0
6.8,0.16,0.29,10.4,0.046,59.0,143.0,0.99518,3.2,0.4,10.8,0
7.3,0.28,0.54,12.9,0.049,62.0,162.5,0.9984,3.06,0.45,9.1,0
6.8,0.33,0.31,7.4,0.045,34.0,143.0,0.99226,3.06,0.55,12.2,0
8.1,0.73,0.0,2.5,0.081,12.0,24.0,0.99798,3.38,0.46,9.6,1
10.3,0.53,0.48,2.5,0.063,6.0,25.0,0.9998,3.12,0.59,9.3,1
8.0,0.24,0.36,1.5,0.047,17.0,129.0,0.9948,3.2,0.54,10.0,0
10.7,0.4,0.48,2.1,0.125,15.0,49.0,0.998,3.03,0.81,9.7,1
6.9,0.4,0.3,10.6,0.033,24.0,87.0,0.99265,3.15,0.45,12.8,0
6.8,0.2,0.38,4.7,0.04,27.0,103.0,0.994,3.37,0.58,10.7,0
6.6,0.23,0.32,1.7,0.024,26.0,102.0,0.99084,3.29,0.6,11.8,0
7.8,0.32,0.31,1.7,0.036,46.0,195.0,0.993,3.03,0.48,10.5,0
6.8,0.11,0.27,8.6,0.044,45.0,104.0,0.99454,3.2,0.37,9.9,0
10.4,0.28,0.54,2.7,0.105,5.0,19.0,0.9988,3.25,0.63,9.5,1
6.8,0.18,0.28,9.8,0.039,29.0,113.0,0.99406,3.11,0.45,10.9,0
6.1,0.28,0.24,19.95,0.074,32.0,174.0,0.99922,3.19,0.44,9.3,0
7.4,0.18,0.42,2.1,0.036,33.0,187.0,0.9938,3.4,0.41,10.6,0
8.0,0.16,0.36,1.5,0.033,14.0,122.0,0.9941,3.2,0.39,10.3,0
9.9,0.49,0.58,3.5,0.094,9.0,43.0,1.0004,3.29,0.58,9.0,1
6.5,0.26,0.34,1.4,0.04,25.0,184.0,0.99216,3.29,0.46,10.7,0
5.4,0.27,0.22,4.6,0.022,29.0,107.0,0.98889,3.33,0.54,13.8,0
6.9,0.16,0.35,1.3,0.043,21.0,182.0,0.9927,3.25,0.62,10.8,0
6.8,0.23,0.29,15.4,0.073,56.0,173.0,0.9984,3.06,0.41,8.7,0
7.1,0.21,0.28,2.7,0.034,23.0,111.0,0.99405,3.35,0.64,10.2,0
5.9,0.31,0.3,7.7,0.047,60.0,206.0,0.995,3.2,0.39,9.6,0
5.0,0.455,0.18,1.9,0.036,33.0,106.0,0.98746,3.21,0.83,14.0,0
6.4,0.29,0.32,2.4,0.014,34.0,89.0,0.99008,3.24,0.66,12.5,0
6.1,0.22,0.4,1.85,0.031,25.0,111.0,0.98966,3.03,0.3,11.8,0
8.9,0.3,0.35,4.6,0.032,32.0,148.0,0.99458,3.15,0.45,11.5,0
6.8,0.22,0.49,0.9,0.052,26.0,128.0,0.991,3.25,0.35,11.4,0
7.6,0.23,0.26,15.3,0.067,32.0,166.0,0.9986,3.03,0.44,9.2,0
6.2,0.29,0.26,13.1,0.046,55.0,204.0,0.99745,3.16,0.41,9.6,0
9.7,0.14,0.59,1.5,0.049,23.0,142.0,0.9958,2.98,0.62,9.5,0
6.5,0.17,0.31,1.5,0.041,34.0,121.0,0.99092,3.06,0.46,10.5,0
8.5,0.18,0.51,1.75,0.071,45.0,88.0,0.99524,3.33,0.76,11.8,1
8.0,0.25,0.49,1.2,0.061,27.0,117.0,0.9938,3.08,0.34,9.4,0
5.8,0.29,0.27,1.6,0.062,17.0,140.0,0.99138,3.23,0.35,11.1,0
7.3,0.25,0.36,13.1,0.05,35.0,200.0,0.9986,3.04,0.46,8.9,0
6.0,0.16,0.3,6.7,0.043,43.0,153.0,0.9951,3.63,0.46,10.6,0
7.9,0.16,0.3,7.4,0.05,58.0,152.0,0.99612,3.12,0.37,9.5,0
8.8,0.33,0.41,5.9,0.073,7.0,13.0,0.99658,3.3,0.62,12.1,1
7.0,0.58,0.12,1.9,0.091,34.0,124.0,0.9956,3.44,0.48,10.5,1
6.6,0.23,0.26,1.3,0.045,16.0,128.0,0.9934,3.36,0.6,10.0,0
5.0,0.3,0.33,3.7,0.03,54.0,173.0,0.9887,3.36,0.3,13.0,0
7.4,0.37,0.35,5.7,0.061,12.0,94.0,0.9965,3.48,0.69,10.7,0
7.1,0.44,0.23,5.8,0.035,24.0,100.0,0.99062,3.15,0.57,13.2,0
6.8,0.12,0.31,5.2,0.045,29.0,120.0,0.9942,3.41,0.46,9.8,0
6.0,0.39,0.26,2.7,0.038,39.0,187.0,0.99325,3.41,0.5,10.8,0
6.4,0.3,0.38,7.8,0.046,35.0,192.0,0.9955,3.1,0.37,9.0,0
8.9,0.34,0.32,1.3,0.041,12.0,188.0,0.9953,3.17,0.49,9.5,0
8.8,0.59,0.18,2.9,0.089,12.0,74.0,0.99738,3.14,0.54,9.4,1
6.5,0.33,0.24,14.5,0.048,20.0,96.0,0.99456,3.06,0.3,11.5,0
6.7,0.39,0.24,2.7,0.017,22.0,80.0,0.99084,3.03,0.37,11.5,0
6.1,0.21,0.38,1.5,0.039,37.0,122.0,0.98972,3.2,0.43,12.0,0
5.9,0.34,0.22,2.4,0.03,19.0,135.0,0.9894,3.41,0.78,13.9,0
7.6,0.2,0.26,4.5,0.086,37.0,133.0,0.9963,3.15,0.42,9.2,0
7.1,0.29,0.34,7.8,0.036,49.0,128.0,0.99397,3.21,0.4,10.7,0
6.2,0.21,0.18,11.6,0.044,61.0,155.0,0.99655,3.14,0.52,9.4,0
6.1,0.17,0.29,1.1,0.041,32.0,92.0,0.99036,3.26,0.57,11.2,0
6.4,0.22,0.31,13.9,0.04,57.0,135.0,0.99672,3.21,0.38,10.7,0
7.2,0.2,0.3,2.0,0.039,43.0,188.0,0.9911,3.3,0.41,12.0,0
6.0,0.27,0.4,1.7,0.021,18.0,82.0,0.9891,3.24,0.95,13.1333333333333,0
7.2,0.38,0.3,1.8,0.073,31.0,70.0,0.99685,3.42,0.59,9.5,1
8.7,0.45,0.4,1.5,0.067,17.0,100.0,0.9957,3.27,0.57,10.1,0
6.7,0.16,0.64,2.1,0.059,24.0,52.0,0.99494,3.34,0.71,11.2,1
9.1,0.76,0.68,1.7,0.414,18.0,64.0,0.99652,2.9,1.33,9.1,1
7.2,0.39,0.54,1.4,0.157,34.0,132.0,0.99449,3.11,0.53,9.0,0
7.4,0.31,0.26,8.6,0.048,47.0,206.0,0.9964,3.26,0.36,9.1,0
6.8,0.29,0.5,13.3,0.053,48.0,194.0,0.9974,3.09,0.45,9.4,0
6.8,0.67,0.0,1.9,0.08,22.0,39.0,0.99701,3.4,0.74,9.7,1
5.6,0.15,0.26,5.55,0.051,51.0,139.0,0.99336,3.47,0.5,11.0,0
9.9,0.57,0.25,2.0,0.104,12.0,89.0,0.9963,3.04,0.9,10.1,1
6.7,0.28,0.34,8.9,0.048,32.0,111.0,0.99455,3.25,0.54,11.0,0
5.5,0.28,0.21,1.6,0.032,23.0,85.0,0.99027,3.42,0.42,12.5,0
6.8,0.28,0.6,1.1,0.132,42.0,127.0,0.9934,3.09,0.44,9.1,0
7.5,0.3,0.21,6.55,0.026,33.0,143.0,0.99244,2.92,0.35,11.1,0
8.1,0.82,0.0,4.1,0.095,5.0,14.0,0.99854,3.36,0.53,9.6,1
6.4,0.29,0.2,15.6,0.04,20.0,142.0,0.9962,3.1,0.54,10.6,0
6.6,0.25,0.3,14.4,0.052,40.0,183.0,0.998,3.02,0.5,9.1,0
6.6,0.24,0.35,7.7,0.031,36.0,135.0,0.9938,3.19,0.37,10.5,0
14.2,0.27,0.49,1.1,0.037,33.0,156.0,0.992,3.15,0.54,11.1,0
