order_id,order_date,customer_id,state,channel,category,quantity,unit_price_usd,line_amount_usd
O100000,2024-04-12,1304,NY,mobile,Home,4,28.36,113.44
O100001,2024-09-27,1428,OH,mobile,Beauty,3,480.9,1442.7
O100002,2024-04-16,1476,NY,mobile,Fashion,4,341.19,1364.76
O100003,2024-03-12,1285,GA,mobile,Grocery,4,317.53,1270.12
O100004,2024-07-07,1143,TX,web,Books,5,138.93,694.65
O100005,2024-01-21,1423,CA,mobile,Toys,2,128.15,256.3
O100006,2024-04-12,1018,GA,web,Beauty,4,471.32,1885.28
O100007,2024-05-01,1017,TX,web,Home,5,152.64,763.2
O100008,2024-08-02,1768,TX,mobile,Toys,2,388.88,777.76
O100009,2024-03-28,1589,CA,web,Fashion,3,199.6,598.8
O100010,2024-04-09,1370,WA,mobile,Toys,3,73.93,221.79
O100011,2024-05-31,1174,NY,mobile,Toys,1,10.3,10.3
O100012,2024-05-10,1193,TX,store,Books,5,274.41,1372.05
O100013,2024-05-29,1501,OH,store,Sports,2,488.01,976.02
O100014,2024-09-14,1987,CA,web,Toys,4,187.72,750.88
O100015,2024-10-20,1112,IL,web,Toys,3,181.81,545.43
O100016,2024-07-10,1113,CA,mobile,Beauty,2,175.33,350.66
O100017,2024-10-03,1221,FL,web,Sports,5,262.67,1313.35
O100018,2024-06-09,1677,NY,mobile,Books,1,223.13,223.13
O100019,2024-01-22,1946,OH,mobile,Home,3,440.56,1321.68
O100020,2024-09-09,1830,TX,mobile,Fashion,2,255.23,510.46
O100021,2024-08-23,1643,NY,web,Books,2,256.34,512.68
O100022,2024-02-18,1896,MA,web,Books,2,73.49,146.98
O100023,2024-02-28,1263,NY,web,Electronics,5,491.46,2457.3
O100024,2024-06-18,1924,TX,web,Books,5,128.74,643.7
O100025,2024-07-06,1054,CA,store,Sports,5,41.32,206.6
O100026,2024-09-27,1870,GA,web,Electronics,4,333.26,1333.04
O100027,2024-07-08,1642,TX,web,Fashion,2,299.71,599.42
O100028,2024-06-23,1799,CA,web,Toys,3,210.5,631.5
O100029,2024-02-20,1777,IL,mobile,Beauty,5,213.99,1069.95
O100030,2024-02-24,1457,FL,mobile,Beauty,5,393.61,1968.05
O100031,2024-08-31,1978,NY,web,Fashion,2,101.88,203.76
O100032,2024-05-10,1877,NY,web,Fashion,5,411.03,2055.15
O100033,2024-05-14,1161,MA,web,Sports,4,326.13,1304.52
O100034,2024-01-21,1379,FL,web,Grocery,4,212.39,849.56
O100035,2024-06-15,1992,IL,mobile,Toys,5,231.72,1158.6
O100036,2024-09-30,1086,TX,mobile,Fashion,2,132.04,264.08
O100037,2024-03-29,1054,GA,web,Books,2,377.3,754.6
O100038,2024-01-14,1475,GA,web,Sports,2,258.87,517.74
O100039,2024-08-29,1799,WA,store,Beauty,1,163.82,163.82
O100040,2024-09-21,1177,GA,web,Home,5,300.04,1500.2
O100041,2024-02-22,1390,NY,mobile,Sports,2,497.89,995.78
O100042,2024-04-01,1348,MA,web,Beauty,4,220.45,881.8
O100043,2024-09-20,1007,CA,web,Electronics,3,460.74,1382.22
O100044,2024-02-04,1832,MA,web,Sports,3,175.78,527.34
O100045,2024-07-24,1312,WA,mobile,Beauty,2,32.09,64.18
O100046,2024-03-21,1758,PA,store,Grocery,3,106.1,318.3
O100047,2024-02-19,1834,MA,web,Sports,3,212.25,636.75
O100048,2024-01-02,1983,NY,web,Sports,1,113.72,113.72
O100049,2024-02-23,1982,TX,web,Toys,4,5.11,20.44
O100050,2024-04-15,1442,PA,web,Fashion,4,457.93,1831.72
O100051,2024-09-16,1766,CA,web,Toys,1,422.72,422.72
O100052,2024-07-09,1327,TX,web,Sports,1,372.43,372.43
O100053,2024-08-05,1053,MA,mobile,Fashion,3,88.07,264.21
O100054,2024-02-13,1760,NY,web,Beauty,5,64.58,322.9
O100055,2024-06-10,1238,OH,web,Home,3,38.46,115.38
O100056,2024-07-20,1228,OH,store,Home,1,363.39,363.39
O100057,2024-09-26,1578,MA,web,Sports,4,464.76,1859.04
O100058,2024-09-27,1050,OH,store,Grocery,3,218.12,654.36
O100059,2024-08-02,1608,IL,web,Electronics,5,63.97,319.85
O100060,2024-09-08,1603,GA,store,Beauty,3,258.63,775.89
O100061,2024-07-08,1263,TX,mobile,Fashion,2,177.67,355.34
O100062,2024-10-22,1417,TX,mobile,Sports,3,190.54,571.62
O100063,2024-07-31,1802,TX,store,Beauty,1,312.56,312.56
O100064,2024-07-26,1095,IL,web,Sports,4,360.77,1443.08
O100065,2024-08-24,1087,NY,store,Grocery,4,59.75,239.0
O100066,2024-02-22,1077,MA,web,Books,1,22.62,22.62
O100067,2024-10-06,1287,CA,web,Books,2,497.19,994.38
O100068,2024-08-04,1119,FL,web,Grocery,1,120.2,120.2
O100069,2024-09-08,1813,NY,mobile,Fashion,3,31.65,94.95
O100070,2024-07-06,1490,IL,web,Toys,1,98.99,98.99
O100071,2024-02-10,1911,OH,mobile,Grocery,1,24.28,24.28
O100072,2024-06-05,1451,MA,mobile,Sports,2,198.95,397.9
O100073,2024-01-15,1499,IL,mobile,Fashion,3,402.19,1206.57
O100074,2024-03-05,1164,TX,mobile,Home,5,173.92,869.6
O100075,2024-01-09,1181,GA,web,Grocery,5,224.87,1124.35
O100076,2024-05-08,1468,NY,web,Fashion,4,339.42,1357.68
O100077,2024-05-15,1909,IL,web,Grocery,1,256.9,256.9
O100078,2024-03-03,1734,GA,web,Grocery,4,431.42,1725.68
O100079,2024-05-18,1822,PA,web,Toys,2,433.69,867.38
O100080,2024-03-21,1943,IL,web,Toys,5,9.91,49.55
O100081,2024-06-11,1977,TX,web,Sports,1,390.13,390.13
O100082,2024-10-15,1006,IL,store,Fashion,2,233.06,466.12
O100083,2024-09-17,1329,GA,mobile,Fashion,2,494.48,988.96
O100084,2024-08-18,1774,WA,web,Electronics,1,244.2,244.2
O100085,2024-02-10,1672,MA,mobile,Grocery,2,493.51,987.02
O100086,2024-01-28,1150,PA,web,Books,1,378.51,378.51
O100087,2024-05-14,1084,IL,web,Grocery,1,128.06,128.06
O100088,2024-07-19,1146,IL,mobile,Grocery,3,271.51,814.53
O100089,2024-09-24,1623,NY,web,Fashion,4,496.11,1984.44
O100090,2024-02-02,1380,IL,web,Grocery,2,429.48,858.96
O100091,2024-02-17,1914,TX,store,Beauty,2,53.2,106.4
O100092,2024-03-02,1547,IL,store,Grocery,3,354.65,1063.95
O100093,2024-08-03,1284,MA,mobile,Beauty,3,176.06,528.18
O100094,2024-10-19,1699,IL,mobile,Toys,3,8.46,25.38
O100095,2024-04-08,1081,OH,mobile,Books,5,204.72,1023.6
O100096,2024-06-20,1513,MA,web,Sports,5,121.2,606.0
O100097,2024-08-01,1896,OH,web,Fashion,5,410.34,2051.7
O100098,2024-02-04,1814,TX,web,Grocery,1,171.98,171.98
O100099,2024-08-14,1708,GA,web,Beauty,2,414.62,829.24
O100100,2024-04-10,1915,FL,mobile,Beauty,4,5.3,21.2
O100101,2024-05-10,1522,WA,web,Toys,1,157.37,157.37
O100102,2024-09-13,1745,FL,store,Beauty,2,124.38,248.76
O100103,2024-01-05,1385,GA,store,Sports,2,120.62,241.24
O100104,2024-08-05,1706,TX,mobile,Home,3,38.75,116.25
O100105,2024-09-11,1470,CA,mobile,Electronics,3,97.63,292.89
O100106,2024-10-09,1118,IL,store,Sports,1,280.0,280.0
O100107,2024-07-25,1395,GA,web,Books,3,149.22,447.66
O100108,2024-01-15,1531,FL,mobile,Sports,2,211.61,423.22
O100109,2024-02-11,1260,FL,web,Toys,3,191.55,574.65
O100110,2024-06-27,1804,TX,mobile,Toys,5,438.57,2192.85
O100111,2024-03-03,1933,GA,web,Sports,3,453.12,1359.36
O100112,2024-08-18,1255,NY,store,Grocery,2,249.01,498.02
O100113,2024-08-28,1733,WA,store,Home,1,168.43,168.43
O100114,2024-02-21,1904,MA,web,Grocery,4,57.87,231.48
O100115,2024-04-05,1225,CA,web,Grocery,3,476.93,1430.79
O100116,2024-08-09,1052,CA,store,Sports,2,34.81,69.62
O100117,2024-08-18,1939,TX,web,Fashion,4,152.34,609.36
O100118,2024-08-24,1866,IL,store,Fashion,4,152.54,610.16
O100119,2024-05-22,1499,CA,mobile,Fashion,5,163.6,818.0
O100120,2024-06-19,1505,TX,web,Home,4,86.32,345.28
O100121,2024-01-29,1853,NY,web,Grocery,2,392.66,785.32
O100122,2024-02-05,1363,CA,web,Electronics,2,65.64,131.28
O100123,2024-01-13,1279,NY,mobile,Books,3,319.28,957.84
O100124,2024-06-08,1592,MA,web,Fashion,3,66.3,198.9
O100125,2024-07-05,1713,IL,mobile,Fashion,3,39.92,119.76
O100126,2024-08-30,1157,IL,web,Toys,4,455.17,1820.68
O100127,2024-03-26,1631,IL,mobile,Grocery,4,99.11,396.44
O100128,2024-10-10,1058,TX,store,Grocery,5,411.52,2057.6
O100129,2024-03-06,1726,CA,store,Home,3,274.59,823.77
O100130,2024-06-18,1127,GA,web,Home,1,43.54,43.54
O100131,2024-02-14,1735,TX,mobile,Fashion,5,477.95,2389.75
O100132,2024-03-02,1720,TX,mobile,Grocery,1,127.25,127.25
O100133,2024-05-13,1881,MA,mobile,Electronics,4,430.52,1722.08
O100134,2024-10-10,1114,CA,store,Books,5,88.56,442.8
O100135,2024-01-28,1208,CA,web,Sports,5,427.7,2138.5
O100136,2024-04-17,1525,TX,web,Grocery,2,11.55,23.1
O100137,2024-02-13,1520,WA,store,Toys,4,258.33,1033.32
O100138,2024-10-12,1551,WA,web,Sports,4,385.87,1543.48
O100139,2024-05-07,1961,IL,mobile,Grocery,5,467.72,2338.6
O100140,2024-08-18,1236,FL,store,Beauty,4,455.06,1820.24
O100141,2024-07-08,1280,GA,web,Home,5,410.71,2053.55
O100142,2024-08-12,1358,FL,store,Toys,2,444.65,889.3
O100143,2024-10-09,1200,OH,web,Books,5,103.61,518.05
O100144,2024-04-30,1757,MA,mobile,Fashion,4,145.67,582.68
O100145,2024-04-25,1277,NY,mobile,Toys,4,148.04,592.16
O100146,2024-08-20,1234,MA,store,Grocery,5,191.64,958.2
O100147,2024-09-15,1493,IL,web,Fashion,5,199.69,998.45
O100148,2024-07-16,1003,PA,web,Grocery,5,274.55,1372.75
O100149,2024-05-16,1665,CA,mobile,Fashion,3,84.14,252.42
O100150,2024-06-13,1441,PA,mobile,Books,4,347.17,1388.68
O100151,2024-08-12,1028,MA,mobile,Home,4,87.95,351.8
O100152,2024-08-21,1108,PA,web,Books,3,158.6,475.8
O100153,2024-06-20,1609,CA,web,Beauty,5,254.16,1270.8
O100154,2024-05-31,1726,MA,web,Electronics,2,399.24,798.48
O100155,2024-06-08,1804,TX,mobile,Home,5,371.04,1855.2
O100156,2024-04-05,1074,CA,web,Books,5,324.54,1622.7
O100157,2024-08-20,1837,CA,web,Beauty,3,82.11,246.33
O100158,2024-06-28,1145,CA,store,Electronics,4,275.79,1103.16
O100159,2024-04-22,1127,GA,web,Beauty,5,48.29,241.45
O100160,2024-02-21,1852,WA,store,Grocery,4,191.79,767.16
O100161,2024-09-24,1041,CA,mobile,Sports,1,209.69,209.69
O100162,2024-10-21,1355,IL,mobile,Grocery,4,24.71,98.84
O100163,2024-04-22,1040,FL,web,Fashion,2,140.62,281.24
O100164,2024-04-10,1933,CA,web,Home,2,478.05,956.1
O100165,2024-04-22,1033,TX,mobile,Grocery,5,477.05,2385.25
O100166,2024-03-21,1016,NY,mobile,Toys,4,179.4,717.6
O100167,2024-07-05,1676,NY,mobile,Beauty,5,26.33,131.65
O100168,2024-04-22,1152,IL,web,Home,3,93.65,280.95
O100169,2024-01-02,1997,NY,mobile,Sports,2,199.15,398.3
O100170,2024-05-09,1377,TX,mobile,Toys,5,474.15,2370.75
O100171,2024-08-07,1587,FL,mobile,Grocery,3,74.89,224.67
O100172,2024-02-23,1598,MA,mobile,Fashion,5,382.94,1914.7
O100173,2024-08-11,1628,WA,mobile,Books,4,58.8,235.2
O100174,2024-08-12,1873,CA,mobile,Fashion,4,490.72,1962.88
O100175,2024-05-05,1341,OH,web,Toys,4,193.9,775.6
O100176,2024-05-09,1980,TX,web,Electronics,4,388.74,1554.96
O100177,2024-02-22,1026,GA,web,Grocery,1,174.58,174.58
O100178,2024-06-20,1824,WA,web,Toys,3,315.7,947.1
O100179,2024-08-05,1286,MA,web,Electronics,3,100.05,300.15
O100180,2024-06-08,1645,IL,web,Electronics,4,77.28,309.12
O100181,2024-07-16,1730,OH,web,Beauty,1,469.34,469.34
O100182,2024-09-03,1167,IL,web,Home,4,459.24,1836.96
O100183,2024-07-21,1609,GA,mobile,Beauty,1,444.3,444.3
O100184,2024-07-02,1267,PA,store,Grocery,4,314.59,1258.36
O100185,2024-05-02,1748,NY,web,Electronics,2,405.09,810.18
O100186,2024-09-11,1820,NY,store,Sports,2,39.17,78.34
O100187,2024-10-20,1454,IL,mobile,Toys,5,170.72,853.6
O100188,2024-10-06,1905,TX,web,Books,4,160.28,641.12
O100189,2024-04-07,1684,GA,web,Electronics,3,319.64,958.92
O100190,2024-07-16,1400,PA,mobile,Toys,5,181.2,906.0
O100191,2024-08-27,1921,CA,mobile,Sports,2,78.51,157.02
O100192,2024-05-23,1980,NY,mobile,Books,4,300.25,1201.0
O100193,2024-04-06,1475,FL,web,Beauty,5,408.12,2040.6
O100194,2024-07-19,1701,CA,web,Beauty,4,194.15,776.6
O100195,2024-05-03,1633,GA,web,Home,2,70.47,140.94
O100196,2024-07-05,1557,TX,web,Toys,5,102.36,511.8
O100197,2024-09-15,1575,IL,web,Electronics,2,122.55,245.1
O100198,2024-05-27,1129,MA,web,Fashion,1,153.45,153.45
O100199,2024-09-08,1821,IL,mobile,Beauty,2,323.18,646.36
O100200,2024-05-26,1362,TX,store,Beauty,4,302.47,1209.88
O100201,2024-05-27,1704,WA,web,Home,3,349.56,1048.68
O100202,2024-07-17,1818,NY,store,Books,2,184.44,368.88
O100203,2024-05-07,1692,FL,web,Home,3,412.88,1238.64
O100204,2024-02-08,1291,GA,web,Sports,1,106.02,106.02
O100205,2024-05-08,1370,NY,web,Electronics,5,237.18,1185.9
O100206,2024-09-23,1793,MA,mobile,Toys,5,401.46,2007.3
O100207,2024-05-30,1028,MA,store,Grocery,3,94.18,282.54
O100208,2024-10-24,1148,IL,mobile,Grocery,5,59.38,296.9
O100209,2024-04-08,1778,IL,web,Toys,2,442.42,884.84
O100210,2024-09-19,1295,WA,mobile,Books,3,174.75,524.25
O100211,2024-09-08,1010,NY,web,Sports,4,343.52,1374.08
O100212,2024-05-23,1511,TX,store,Beauty,2,17.55,35.1
O100213,2024-04-21,1675,WA,mobile,Books,2,346.57,693.14
O100214,2024-02-29,1112,TX,web,Beauty,2,161.47,322.94
O100215,2024-01-02,1186,OH,mobile,Beauty,4,32.59,130.36
O100216,2024-09-10,1806,NY,mobile,Grocery,1,306.86,306.86
O100217,2024-05-19,1743,IL,web,Books,5,124.2,621.0
O100218,2024-02-06,1226,TX,mobile,Sports,3,196.47,589.41
O100219,2024-06-08,1309,TX,web,Home,1,44.89,44.89
O100220,2024-01-09,1097,FL,mobile,Beauty,3,77.85,233.55
O100221,2024-08-20,1054,IL,mobile,Fashion,5,152.5,762.5
O100222,2024-04-08,1622,OH,mobile,Fashion,4,49.43,197.72
O100223,2024-05-26,1663,NY,mobile,Home,2,455.86,911.72
O100224,2024-07-26,1757,MA,mobile,Fashion,2,7.99,15.98
O100225,2024-05-10,1405,FL,web,Electronics,4,244.51,978.04
O100226,2024-05-31,1068,WA,mobile,Beauty,1,66.01,66.01
O100227,2024-02-23,1311,CA,web,Home,1,157.3,157.3
O100228,2024-04-29,1288,MA,web,Books,3,463.4,1390.2
O100229,2024-06-09,1761,MA,web,Beauty,4,85.04,340.16
O100230,2024-04-25,1547,PA,web,Home,1,483.09,483.09
O100231,2024-03-15,1750,NY,mobile,Grocery,4,106.87,427.48
O100232,2024-04-22,1147,CA,web,Sports,5,372.08,1860.4
O100233,2024-04-13,1466,NY,mobile,Books,2,275.61,551.22
O100234,2024-09-10,1738,CA,web,Sports,2,442.82,885.64
O100235,2024-08-14,1243,MA,web,Grocery,2,279.23,558.46
O100236,2024-04-21,1490,TX,mobile,Beauty,4,269.61,1078.44
O100237,2024-04-08,1848,MA,web,Books,4,101.75,407.0
O100238,2024-06-01,1957,GA,web,Sports,3,87.28,261.84
O100239,2024-07-12,1506,NY,mobile,Fashion,2,458.66,917.32
O100240,2024-06-11,1364,WA,web,Sports,3,167.28,501.84
O100241,2024-07-26,1481,PA,mobile,Home,2,189.18,378.36
O100242,2024-06-17,1200,IL,web,Beauty,3,381.11,1143.33
O100243,2024-06-09,1153,WA,web,Electronics,3,172.72,518.16
O100244,2024-03-08,1449,CA,mobile,Sports,5,476.27,2381.35
O100245,2024-10-15,1500,CA,web,Books,3,370.27,1110.81
O100246,2024-10-03,1072,IL,web,Books,4,300.73,1202.92
O100247,2024-05-14,1712,OH,web,Toys,3,441.04,1323.12
O100248,2024-07-13,1295,IL,web,Sports,2,29.55,59.1
O100249,2024-05-07,1016,WA,mobile,Beauty,3,132.25,396.75
O100250,2024-02-02,1640,FL,web,Beauty,1,235.19,235.19
O100251,2024-06-24,1216,TX,mobile,Grocery,2,117.35,234.7
O100252,2024-01-22,1060,MA,store,Toys,1,373.23,373.23
O100253,2024-08-25,1938,WA,web,Sports,2,460.01,920.02
O100254,2024-06-06,1615,OH,store,Fashion,4,214.77,859.08
O100255,2024-02-07,1041,NY,web,Grocery,4,174.36,697.44
O100256,2024-08-17,1024,IL,store,Toys,4,480.97,1923.88
O100257,2024-02-20,1038,NY,web,Sports,1,225.2,225.2
O100258,2024-09-20,1802,WA,mobile,Sports,5,247.08,1235.4
O100259,2024-10-09,1130,MA,web,Grocery,2,179.07,358.14
O100260,2024-01-27,1497,TX,web,Fashion,4,455.23,1820.92
O100261,2024-08-13,1228,FL,mobile,Toys,2,286.63,573.26
O100262,2024-10-03,1107,CA,mobile,Sports,1,382.28,382.28
O100263,2024-10-12,1171,IL,web,Sports,5,406.84,2034.2
O100264,2024-04-06,1434,FL,web,Toys,1,174.22,174.22
O100265,2024-10-10,1477,PA,mobile,Electronics,2,219.68,439.36
O100266,2024-05-26,1101,NY,mobile,Grocery,5,424.99,2124.95
O100267,2024-01-04,1865,TX,store,Grocery,5,184.81,924.05
O100268,2024-02-04,1523,NY,mobile,Books,1,398.0,398.0
O100269,2024-07-10,1274,OH,store,Fashion,4,470.79,1883.16
O100270,2024-02-18,1612,PA,mobile,Home,2,313.49,626.98
O100271,2024-01-17,1043,WA,web,Electronics,3,372.11,1116.33
O100272,2024-06-20,1954,GA,web,Toys,3,403.52,1210.56
O100273,2024-08-07,1816,TX,mobile,Toys,1,423.29,423.29
O100274,2024-06-06,1956,IL,mobile,Toys,2,200.55,401.1
O100275,2024-02-15,1016,MA,web,Electronics,2,30.38,60.76
O100276,2024-01-06,1329,FL,web,Sports,1,203.93,203.93
O100277,2024-04-08,1568,NY,store,Toys,2,338.51,677.02
O100278,2024-08-20,1822,GA,mobile,Toys,4,227.92,911.68
O100279,2024-02-06,1496,FL,web,Fashion,1,375.74,375.74
O100280,2024-10-06,1814,FL,web,Beauty,4,181.71,726.84
O100281,2024-06-29,1011,MA,web,Beauty,2,319.2,638.4
O100282,2024-04-04,1317,CA,web,Books,1,97.28,97.28
O100283,2024-04-08,1591,CA,web,Books,2,375.94,751.88
O100284,2024-07-06,1215,CA,web,Toys,1,275.12,275.12
O100285,2024-04-25,1338,MA,mobile,Fashion,2,106.01,212.02
O100286,2024-07-09,1775,PA,web,Toys,4,149.5,598.0
O100287,2024-09-09,1990,WA,mobile,Books,4,375.56,1502.24
O100288,2024-06-09,1660,CA,store,Electronics,2,243.89,487.78
O100289,2024-09-12,1080,TX,web,Electronics,1,111.94,111.94
O100290,2024-05-07,1726,TX,mobile,Sports,3,483.8,1451.4
O100291,2024-01-18,1484,IL,web,Home,4,358.99,1435.96
O100292,2024-10-07,1373,TX,store,Beauty,4,478.78,1915.12
O100293,2024-08-10,1975,PA,web,Fashion,3,216.42,649.26
O100294,2024-02-23,1709,TX,mobile,Grocery,2,240.17,480.34
O100295,2024-02-27,1199,OH,mobile,Beauty,1,449.49,449.49
O100296,2024-06-22,1536,GA,web,Grocery,2,264.9,529.8
O100297,2024-10-06,1465,NY,web,Home,5,355.1,1775.5
O100298,2024-04-23,1088,PA,mobile,Home,4,129.83,519.32
O100299,2024-10-14,1267,MA,mobile,Toys,5,226.13,1130.65
O100300,2024-05-30,1654,GA,web,Books,4,66.11,264.44
O100301,2024-05-06,1570,CA,mobile,Home,4,106.96,427.84
O100302,2024-06-03,1921,GA,web,Home,5,5.47,27.35
O100303,2024-09-29,1488,GA,mobile,Grocery,5,24.44,122.2
O100304,2024-04-13,1876,GA,web,Books,2,488.76,977.52
O100305,2024-10-25,1537,FL,store,Home,5,124.97,624.85
O100306,2024-09-02,1046,CA,web,Beauty,2,333.34,666.68
O100307,2024-06-24,1287,MA,web,Sports,2,420.35,840.7
O100308,2024-02-08,1777,TX,web,Home,2,277.58,555.16
O100309,2024-06-18,1015,NY,web,Sports,4,80.81,323.24
O100310,2024-09-03,1710,IL,mobile,Books,4,365.42,1461.68
O100311,2024-01-26,1400,CA,web,Toys,5,302.12,1510.6
O100312,2024-01-13,1918,OH,mobile,Fashion,4,366.97,1467.88
O100313,2024-02-05,1793,IL,web,Books,5,386.02,1930.1
O100314,2024-06-21,1980,GA,web,Grocery,4,487.83,1951.32
O100315,2024-01-20,1085,NY,web,Fashion,1,288.91,288.91
O100316,2024-09-20,1249,GA,web,Beauty,1,174.11,174.11
O100317,2024-05-21,1390,PA,web,Electronics,5,325.99,1629.95
O100318,2024-05-22,1781,TX,web,Sports,4,38.88,155.52
O100319,2024-04-01,1334,IL,web,Sports,4,449.21,1796.84
O100320,2024-10-14,1628,FL,web,Sports,2,64.09,128.18
O100321,2024-08-02,1518,NY,mobile,Books,3,167.28,501.84
O100322,2024-02-20,1136,TX,mobile,Sports,5,408.79,2043.95
O100323,2024-06-01,1882,TX,web,Toys,3,300.67,902.01
O100324,2024-07-04,1687,NY,web,Sports,3,199.85,599.55
O100325,2024-03-03,1839,CA,store,Grocery,5,239.35,1196.75
O100326,2024-07-08,1497,MA,mobile,Beauty,4,428.0,1712.0
O100327,2024-05-04,1826,MA,mobile,Sports,5,173.3,866.5
O100328,2024-05-29,1726,NY,web,Sports,3,435.48,1306.44
O100329,2024-02-27,1476,OH,mobile,Fashion,4,48.63,194.52
O100330,2024-06-28,1593,WA,mobile,Beauty,1,389.52,389.52
O100331,2024-06-18,1222,OH,mobile,Sports,5,424.54,2122.7
O100332,2024-09-27,1989,TX,store,Books,5,95.0,475.0
O100333,2024-02-23,1371,CA,web,Home,4,218.02,872.08
O100334,2024-04-10,1934,TX,web,Toys,1,86.92,86.92
O100335,2024-09-20,1994,TX,mobile,Books,1,354.77,354.77
O100336,2024-02-22,1401,MA,mobile,Electronics,4,270.0,1080.0
O100337,2024-02-29,1442,IL,web,Books,2,319.49,638.98
O100338,2024-04-17,1489,NY,web,Fashion,5,102.26,511.3
O100339,2024-01-05,1614,IL,web,Fashion,5,109.81,549.05
O100340,2024-04-12,1272,IL,web,Sports,3,25.54,76.62
O100341,2024-07-14,1525,NY,mobile,Books,4,164.42,657.68
O100342,2024-09-18,1158,MA,mobile,Fashion,3,282.07,846.21
O100343,2024-02-16,1151,FL,web,Home,3,429.68,1289.04
O100344,2024-05-23,1994,TX,web,Beauty,1,335.13,335.13
O100345,2024-09-25,1619,MA,web,Books,5,220.52,1102.6
O100346,2024-05-03,1187,OH,web,Toys,3,476.79,1430.37
O100347,2024-04-15,1812,MA,mobile,Home,1,361.03,361.03
O100348,2024-06-06,1097,IL,store,Sports,4,465.43,1861.72
O100349,2024-05-26,1130,OH,mobile,Beauty,3,266.16,798.48
O100350,2024-05-24,1804,NY,web,Toys,5,133.16,665.8
O100351,2024-04-29,1170,NY,store,Sports,3,31.15,93.45
O100352,2024-10-01,1935,NY,mobile,Toys,4,364.41,1457.64
O100353,2024-04-01,1985,CA,mobile,Sports,3,65.04,195.12
O100354,2024-02-27,1182,MA,web,Toys,5,154.87,774.35
O100355,2024-08-16,1982,IL,web,Beauty,1,268.57,268.57
O100356,2024-04-26,1363,MA,web,Home,5,284.39,1421.95
O100357,2024-10-05,1038,TX,web,Toys,1,302.29,302.29
O100358,2024-05-06,1526,OH,web,Toys,2,87.3,174.6
O100359,2024-05-08,1887,GA,web,Grocery,5,192.97,964.85
O100360,2024-02-27,1496,IL,web,Books,5,310.51,1552.55
O100361,2024-05-01,1515,CA,mobile,Beauty,4,485.06,1940.24
O100362,2024-01-01,1348,IL,web,Sports,3,365.18,1095.54
O100363,2024-08-26,1981,TX,web,Beauty,1,461.69,461.69
O100364,2024-10-16,1920,TX,store,Fashion,1,382.29,382.29
O100365,2024-04-05,1396,NY,store,Sports,4,297.9,1191.6
O100366,2024-05-05,1721,PA,mobile,Beauty,4,100.05,400.2
O100367,2024-04-27,1160,TX,store,Home,3,335.01,1005.03
O100368,2024-02-17,1015,NY,mobile,Sports,3,313.57,940.71
O100369,2024-03-29,1492,CA,store,Sports,5,303.22,1516.1
O100370,2024-08-24,1425,TX,web,Beauty,2,247.44,494.88
O100371,2024-09-28,1107,GA,web,Sports,3,266.69,800.07
O100372,2024-07-07,1893,FL,web,Grocery,4,170.55,682.2
O100373,2024-07-10,1449,FL,web,Books,3,262.06,786.18
O100374,2024-03-09,1310,MA,web,Sports,1,102.79,102.79
O100375,2024-10-04,1738,TX,mobile,Books,2,403.56,807.12
O100376,2024-09-03,1169,TX,mobile,Beauty,5,96.96,484.8
O100377,2024-03-16,1545,MA,mobile,Toys,1,47.06,47.06
O100378,2024-06-02,1413,CA,web,Electronics,1,220.94,220.94
O100379,2024-05-23,1250,FL,mobile,Electronics,2,330.86,661.72
O100380,2024-03-26,1758,NY,mobile,Toys,5,221.67,1108.35
O100381,2024-07-03,1780,WA,web,Toys,4,141.99,567.96
O100382,2024-10-11,1140,NY,mobile,Toys,5,281.29,1406.45
O100383,2024-08-07,1273,MA,web,Home,3,176.77,530.31
O100384,2024-03-09,1415,CA,web,Electronics,1,466.77,466.77
O100385,2024-02-16,1607,OH,store,Toys,3,461.71,1385.13
O100386,2024-04-03,1738,GA,web,Home,4,253.67,1014.68
O100387,2024-08-25,1890,OH,web,Fashion,3,167.3,501.9
O100388,2024-07-22,1038,TX,store,Sports,5,369.88,1849.4
O100389,2024-08-05,1813,MA,mobile,Home,3,23.17,69.51
O100390,2024-02-08,1028,WA,web,Electronics,4,240.01,960.04
O100391,2024-04-09,1957,TX,web,Beauty,4,171.48,685.92
O100392,2024-10-15,1476,GA,web,Fashion,4,460.67,1842.68
O100393,2024-09-10,1317,MA,mobile,Electronics,5,10.94,54.7
O100394,2024-08-09,1244,TX,web,Sports,4,278.64,1114.56
O100395,2024-01-23,1747,NY,web,Home,1,371.63,371.63
O100396,2024-09-06,1696,CA,store,Grocery,4,245.08,980.32
O100397,2024-01-10,1271,FL,mobile,Books,3,47.27,141.81
O100398,2024-09-02,1439,TX,web,Sports,3,486.37,1459.11
O100399,2024-04-09,1747,CA,mobile,Electronics,3,261.42,784.26
O100400,2024-10-16,1238,TX,mobile,Toys,5,309.02,1545.1
O100401,2024-06-28,1376,TX,web,Home,3,122.12,366.36
O100402,2024-08-10,1265,FL,web,Toys,5,244.33,1221.65
O100403,2024-09-06,1925,PA,mobile,Toys,5,217.43,1087.15
O100404,2024-05-26,1920,OH,web,Toys,4,42.07,168.28
O100405,2024-04-05,1358,FL,mobile,Toys,1,57.55,57.55
O100406,2024-09-13,1339,CA,web,Toys,4,419.55,1678.2
O100407,2024-01-04,1388,IL,web,Fashion,4,123.71,494.84
O100408,2024-01-16,1576,TX,web,Electronics,5,101.5,507.5
O100409,2024-10-06,1989,CA,web,Sports,5,254.93,1274.65
O100410,2024-09-03,1688,GA,web,Electronics,3,385.53,1156.59
O100411,2024-09-14,1002,MA,web,Sports,3,35.66,106.98
O100412,2024-06-08,1428,PA,mobile,Books,4,290.52,1162.08
O100413,2024-05-31,1141,TX,store,Home,2,64.01,128.02
O100414,2024-06-26,1375,IL,mobile,Grocery,2,23.05,46.1
O100415,2024-06-11,1669,IL,store,Fashion,3,31.11,93.33
O100416,2024-02-02,1323,PA,web,Home,2,417.91,835.82
O100417,2024-06-27,1145,IL,store,Fashion,3,63.4,190.2
O100418,2024-04-10,1957,IL,web,Sports,5,27.35,136.75
O100419,2024-09-24,1292,MA,store,Electronics,4,221.76,887.04
O100420,2024-03-05,1664,TX,store,Toys,1,422.78,422.78
O100421,2024-06-16,1431,NY,mobile,Books,4,134.89,539.56
O100422,2024-02-12,1704,FL,store,Books,3,213.75,641.25
O100423,2024-02-13,1948,TX,mobile,Beauty,3,24.76,74.28
O100424,2024-10-11,1974,IL,web,Grocery,4,227.29,909.16
O100425,2024-01-12,1584,MA,web,Books,3,290.92,872.76
O100426,2024-04-04,1398,MA,mobile,Toys,2,287.6,575.2
O100427,2024-09-09,1816,FL,web,Electronics,2,169.55,339.1
O100428,2024-08-29,1888,MA,mobile,Grocery,3,161.19,483.57
O100429,2024-02-04,1343,MA,store,Sports,3,57.78,173.34
O100430,2024-08-02,1963,MA,web,Home,2,186.57,373.14
O100431,2024-03-30,1139,OH,mobile,Sports,3,54.25,162.75
O100432,2024-09-20,1186,FL,store,Toys,3,384.46,1153.38
O100433,2024-04-02,1804,CA,store,Toys,4,483.31,1933.24
O100434,2024-03-30,1060,CA,store,Books,1,485.19,485.19
O100435,2024-04-24,1996,CA,mobile,Grocery,2,433.21,866.42
O100436,2024-04-14,1938,FL,store,Electronics,4,302.39,1209.56
O100437,2024-07-14,1379,IL,mobile,Sports,1,351.93,351.93
O100438,2024-04-23,1709,NY,web,Beauty,3,146.18,438.54
O100439,2024-03-15,1806,NY,web,Sports,3,317.23,951.69
O100440,2024-08-04,1439,MA,mobile,Fashion,4,230.55,922.2
O100441,2024-10-03,1318,IL,web,Fashion,3,243.6,730.8
O100442,2024-09-05,1301,FL,mobile,Electronics,5,380.1,1900.5
O100443,2024-06-12,1343,CA,mobile,Electronics,4,144.55,578.2
O100444,2024-07-10,1010,MA,web,Fashion,1,162.43,162.43
O100445,2024-08-14,1061,MA,mobile,Beauty,4,462.7,1850.8
O100446,2024-06-25,1844,OH,mobile,Grocery,2,32.83,65.66
O100447,2024-04-08,1225,CA,web,Fashion,4,245.39,981.56
O100448,2024-02-05,1152,FL,web,Electronics,3,456.84,1370.52
O100449,2024-04-05,1710,IL,web,Books,3,307.13,921.39
O100450,2024-05-31,1563,CA,web,Home,5,275.47,1377.35
O100451,2024-05-30,1771,NY,store,Beauty,5,128.62,643.1
O100452,2024-07-08,1570,NY,web,Toys,5,174.92,874.6
O100453,2024-08-11,1583,IL,mobile,Beauty,1,426.76,426.76
O100454,2024-02-06,1659,FL,web,Books,5,281.81,1409.05
O100455,2024-09-24,1860,IL,web,Books,1,259.8,259.8
O100456,2024-07-01,1574,WA,mobile,Toys,5,54.29,271.45
O100457,2024-01-13,1309,MA,mobile,Sports,1,12.93,12.93
O100458,2024-10-05,1884,OH,web,Electronics,4,482.02,1928.08
O100459,2024-08-04,1242,FL,web,Fashion,4,191.61,766.44
O100460,2024-10-12,1492,CA,web,Sports,3,303.59,910.77
O100461,2024-09-29,1365,OH,web,Grocery,1,44.46,44.46
O100462,2024-03-02,1329,IL,mobile,Beauty,2,343.14,686.28
O100463,2024-03-24,1106,WA,web,Toys,3,466.62,1399.86
O100464,2024-08-04,1225,FL,web,Beauty,4,289.95,1159.8
O100465,2024-07-05,1824,GA,web,Sports,1,67.43,67.43
O100466,2024-01-19,1217,IL,store,Books,5,292.95,1464.75
O100467,2024-06-25,1936,NY,store,Fashion,2,384.34,768.68
O100468,2024-04-09,1752,CA,web,Beauty,4,206.18,824.72
O100469,2024-08-20,1505,PA,mobile,Grocery,3,440.52,1321.56
O100470,2024-03-16,1258,NY,web,Books,1,326.1,326.1
O100471,2024-09-21,1887,CA,web,Grocery,2,450.13,900.26
O100472,2024-10-10,1773,TX,mobile,Fashion,1,313.64,313.64
O100473,2024-07-24,1516,TX,store,Beauty,5,69.99,349.95
O100474,2024-08-10,1772,IL,store,Home,3,158.3,474.9
O100475,2024-02-21,1053,PA,mobile,Sports,1,104.89,104.89
O100476,2024-05-23,1046,CA,web,Beauty,4,454.87,1819.48
O100477,2024-03-09,1726,NY,mobile,Sports,3,381.4,1144.2
O100478,2024-04-08,1688,NY,web,Fashion,4,339.82,1359.28
O100479,2024-01-25,1520,PA,mobile,Beauty,1,153.98,153.98
O100480,2024-02-22,1098,IL,web,Sports,3,96.1,288.3
O100481,2024-05-30,1019,CA,mobile,Toys,4,379.44,1517.76
O100482,2024-05-23,1889,GA,web,Sports,5,239.71,1198.55
O100483,2024-02-26,1752,GA,web,Beauty,5,116.77,583.85
O100484,2024-02-08,1572,GA,store,Electronics,1,310.23,310.23
O100485,2024-04-18,1890,PA,web,Beauty,3,24.97,74.91
O100486,2024-06-29,1489,CA,mobile,Beauty,2,166.45,332.9
O100487,2024-02-11,1418,FL,web,Sports,3,236.94,710.82
O100488,2024-07-04,1689,TX,web,Grocery,5,78.24,391.2
O100489,2024-08-10,1849,GA,web,Home,4,492.4,1969.6
O100490,2024-05-01,1061,FL,web,Grocery,2,108.5,217.0
O100491,2024-05-12,1144,FL,store,Sports,1,69.52,69.52
O100492,2024-06-11,1215,IL,web,Grocery,2,105.75,211.5
O100493,2024-08-02,1002,NY,store,Books,1,385.69,385.69
O100494,2024-08-08,1159,WA,mobile,Electronics,2,215.63,431.26
O100495,2024-08-22,1738,OH,web,Grocery,1,284.88,284.88
O100496,2024-05-25,1997,PA,mobile,Toys,1,15.4,15.4
O100497,2024-08-26,1780,MA,mobile,Fashion,2,22.04,44.08
O100498,2024-03-16,1119,NY,mobile,Toys,2,225.68,451.36
O100499,2024-01-09,1892,NY,web,Fashion,1,409.24,409.24
O100500,2024-03-14,1088,FL,web,Beauty,5,443.19,2215.95
O100501,2024-09-09,1328,GA,store,Books,2,47.92,95.84
O100502,2024-08-17,1579,NY,store,Electronics,3,271.49,814.47
O100503,2024-01-07,1909,TX,store,Toys,4,457.05,1828.2
O100504,2024-06-22,1356,GA,web,Electronics,1,197.05,197.05
O100505,2024-05-20,1609,FL,mobile,Toys,1,415.64,415.64
O100506,2024-06-16,1266,WA,web,Beauty,4,71.18,284.72
O100507,2024-06-18,1616,WA,web,Fashion,5,468.02,2340.1
O100508,2024-10-09,1951,TX,web,Home,4,376.95,1507.8
O100509,2024-05-01,1322,CA,mobile,Books,2,470.96,941.92
O100510,2024-07-12,1634,WA,web,Toys,4,339.93,1359.72
O100511,2024-01-05,1987,IL,web,Toys,1,184.88,184.88
O100512,2024-01-29,1540,GA,store,Beauty,4,469.4,1877.6
O100513,2024-06-13,1648,IL,web,Books,3,141.41,424.23
O100514,2024-05-15,1194,FL,web,Fashion,2,169.43,338.86
O100515,2024-05-24,1920,NY,web,Fashion,4,351.9,1407.6
O100516,2024-08-04,1737,TX,store,Toys,1,383.83,383.83
O100517,2024-05-11,1331,MA,mobile,Home,2,465.05,930.1
O100518,2024-10-18,1169,CA,web,Home,1,106.38,106.38
O100519,2024-03-10,1520,FL,mobile,Electronics,5,400.01,2000.05
O100520,2024-09-08,1462,OH,mobile,Books,3,370.58,1111.74
O100521,2024-10-01,1039,MA,web,Books,5,36.58,182.9
O100522,2024-06-30,1536,TX,mobile,Fashion,3,196.68,590.04
O100523,2024-06-15,1260,GA,mobile,Electronics,4,144.97,579.88
O100524,2024-03-31,1394,NY,mobile,Beauty,2,155.72,311.44
O100525,2024-07-20,1954,WA,web,Books,4,491.56,1966.24
O100526,2024-01-19,1225,FL,store,Electronics,3,323.17,969.51
O100527,2024-02-08,1983,IL,mobile,Electronics,3,360.25,1080.75
O100528,2024-05-05,1123,NY,web,Toys,3,488.43,1465.29
O100529,2024-06-21,1974,CA,web,Fashion,1,191.71,191.71
O100530,2024-05-20,1037,FL,web,Electronics,2,401.91,803.82
O100531,2024-08-29,1327,WA,web,Sports,4,220.09,880.36
O100532,2024-08-07,1250,MA,mobile,Home,4,435.42,1741.68
O100533,2024-05-05,1900,FL,web,Sports,5,94.43,472.15
O100534,2024-02-27,1175,MA,web,Home,3,474.1,1422.3
O100535,2024-05-27,1601,FL,mobile,Grocery,3,113.29,339.87
O100536,2024-01-01,1913,NY,web,Fashion,3,166.48,499.44
O100537,2024-07-08,1453,OH,store,Toys,4,379.32,1517.28
O100538,2024-07-09,1036,CA,web,Beauty,5,199.91,999.55
O100539,2024-04-26,1315,CA,web,Sports,1,306.06,306.06
O100540,2024-05-13,1687,NY,web,Sports,2,225.06,450.12
O100541,2024-02-27,1972,CA,web,Grocery,1,372.47,372.47
O100542,2024-02-13,1795,GA,web,Home,4,118.02,472.08
O100543,2024-06-21,1964,OH,mobile,Toys,3,33.94,101.82
O100544,2024-06-08,1972,CA,store,Grocery,2,153.47,306.94
O100545,2024-06-21,1592,TX,web,Fashion,4,239.78,959.12
O100546,2024-05-28,1113,FL,mobile,Toys,4,88.17,352.68
O100547,2024-03-20,1039,PA,mobile,Fashion,4,180.62,722.48
O100548,2024-07-31,1300,WA,mobile,Electronics,2,202.99,405.98
O100549,2024-07-21,1223,TX,web,Books,2,33.41,66.82
O100550,2024-09-08,1317,TX,web,Electronics,5,293.74,1468.7
O100551,2024-08-16,1348,IL,web,Fashion,5,442.75,2213.75
O100552,2024-06-12,1114,MA,mobile,Sports,1,80.11,80.11
O100553,2024-08-14,1697,IL,mobile,Toys,2,300.91,601.82
O100554,2024-05-26,1322,CA,web,Home,2,334.05,668.1
O100555,2024-01-20,1567,FL,web,Beauty,2,212.57,425.14
O100556,2024-02-16,1039,MA,store,Home,5,352.04,1760.2
O100557,2024-08-20,1865,WA,mobile,Toys,4,208.31,833.24
O100558,2024-01-14,1039,TX,store,Electronics,3,254.8,764.4
O100559,2024-05-22,1858,IL,mobile,Beauty,5,8.64,43.2
O100560,2024-01-01,1972,MA,web,Toys,2,347.4,694.8
O100561,2024-02-23,1748,WA,mobile,Fashion,5,332.36,1661.8
O100562,2024-09-15,1288,WA,mobile,Sports,1,24.01,24.01
O100563,2024-05-23,1261,WA,web,Home,2,187.28,374.56
O100564,2024-01-12,1215,IL,mobile,Fashion,1,489.62,489.62
O100565,2024-08-11,1146,IL,mobile,Beauty,2,213.26,426.52
O100566,2024-09-28,1335,GA,web,Beauty,5,253.46,1267.3
O100567,2024-06-04,1167,CA,mobile,Home,4,455.42,1821.68
O100568,2024-01-08,1091,GA,mobile,Fashion,3,360.04,1080.12
O100569,2024-05-01,1352,TX,store,Grocery,1,293.12,293.12
O100570,2024-06-12,1570,MA,web,Fashion,5,399.91,1999.55
O100571,2024-03-30,1570,MA,web,Beauty,4,432.86,1731.44
O100572,2024-05-15,1815,CA,mobile,Fashion,5,231.16,1155.8
O100573,2024-07-04,1680,FL,web,Sports,1,240.18,240.18
O100574,2024-06-26,1780,FL,mobile,Toys,3,196.1,588.3
O100575,2024-01-28,1362,FL,mobile,Electronics,5,483.52,2417.6
O100576,2024-08-07,1556,TX,web,Sports,2,350.1,700.2
O100577,2024-02-10,1344,TX,mobile,Grocery,4,46.2,184.8
O100578,2024-08-15,1692,NY,mobile,Books,5,432.17,2160.85
O100579,2024-07-10,1169,CA,web,Toys,4,242.88,971.52
O100580,2024-05-24,1355,TX,store,Electronics,2,39.03,78.06
O100581,2024-07-19,1190,MA,mobile,Books,3,277.11,831.33
O100582,2024-07-30,1666,NY,mobile,Home,3,211.5,634.5
O100583,2024-08-07,1421,WA,mobile,Books,2,439.49,878.98
O100584,2024-08-27,1699,FL,web,Toys,4,105.98,423.92
O100585,2024-02-15,1006,OH,store,Fashion,5,414.1,2070.5
O100586,2024-02-04,1132,PA,mobile,Toys,2,281.06,562.12
O100587,2024-09-09,1746,IL,mobile,Sports,1,32.03,32.03
O100588,2024-03-22,1556,TX,store,Books,4,486.06,1944.24
O100589,2024-09-12,1825,IL,web,Beauty,3,258.74,776.22
O100590,2024-07-15,1760,FL,mobile,Electronics,2,148.98,297.96
O100591,2024-01-10,1030,MA,web,Electronics,3,237.36,712.08
O100592,2024-10-12,1534,TX,web,Books,4,429.64,1718.56
O100593,2024-08-29,1425,GA,web,Electronics,3,155.93,467.79
O100594,2024-09-07,1393,CA,store,Beauty,2,100.37,200.74
O100595,2024-01-05,1671,WA,store,Toys,4,68.89,275.56
O100596,2024-04-28,1362,WA,mobile,Electronics,1,152.44,152.44
O100597,2024-10-15,1436,NY,mobile,Books,2,391.12,782.24
O100598,2024-03-05,1669,CA,mobile,Grocery,5,238.46,1192.3
O100599,2024-05-25,1550,CA,store,Grocery,2,117.6,235.2
O100600,2024-08-11,1926,MA,web,Home,4,87.26,349.04
O100601,2024-08-26,1081,MA,web,Sports,2,169.7,339.4
O100602,2024-06-25,1355,GA,web,Electronics,1,470.26,470.26
O100603,2024-09-23,1257,CA,mobile,Sports,1,174.8,174.8
O100604,2024-10-08,1717,TX,mobile,Toys,5,494.12,2470.6
O100605,2024-03-03,1588,CA,web,Books,3,245.19,735.57
O100606,2024-08-04,1988,PA,web,Electronics,4,93.69,374.76
O100607,2024-10-09,1523,CA,mobile,Fashion,4,446.11,1784.44
O100608,2024-06-25,1294,TX,web,Beauty,3,232.88,698.64
O100609,2024-04-07,1961,GA,mobile,Electronics,1,356.29,356.29
O100610,2024-04-14,1223,GA,store,Electronics,1,491.94,491.94
O100611,2024-04-08,1524,NY,web,Sports,2,29.84,59.68
O100612,2024-01-06,1045,GA,web,Sports,5,52.86,264.3
O100613,2024-07-15,1666,TX,mobile,Grocery,5,361.63,1808.15
O100614,2024-05-12,1112,TX,mobile,Beauty,5,144.5,722.5
O100615,2024-09-15,1232,NY,mobile,Books,2,96.23,192.46
O100616,2024-01-23,1016,MA,store,Electronics,5,24.48,122.4
O100617,2024-02-22,1359,FL,web,Grocery,3,15.81,47.43
O100618,2024-06-13,1222,TX,mobile,Sports,2,388.37,776.74
O100619,2024-07-20,1865,TX,mobile,Home,3,71.54,214.62
O100620,2024-03-23,1699,FL,store,Beauty,2,236.52,473.04
O100621,2024-05-24,1447,FL,web,Grocery,5,304.92,1524.6
O100622,2024-03-25,1855,NY,mobile,Grocery,3,217.03,651.09
O100623,2024-03-18,1364,IL,mobile,Toys,3,18.42,55.26
O100624,2024-01-01,1674,NY,web,Grocery,3,392.83,1178.49
O100625,2024-02-20,1325,FL,web,Toys,2,10.2,20.4
O100626,2024-06-21,1466,IL,store,Electronics,4,382.14,1528.56
O100627,2024-07-23,1413,OH,web,Electronics,5,447.19,2235.95
O100628,2024-09-16,1454,MA,web,Sports,3,219.26,657.78
O100629,2024-10-14,1585,MA,web,Home,4,270.09,1080.36
O100630,2024-02-03,1232,CA,store,Fashion,5,241.11,1205.55
O100631,2024-04-04,1223,CA,mobile,Fashion,5,197.66,988.3
O100632,2024-03-12,1993,CA,mobile,Fashion,3,444.28,1332.84
O100633,2024-02-08,1830,PA,web,Sports,3,447.5,1342.5
O100634,2024-06-02,1411,CA,mobile,Toys,2,171.23,342.46
O100635,2024-09-06,1571,CA,mobile,Sports,4,309.46,1237.84
O100636,2024-06-10,1334,FL,mobile,Beauty,4,463.82,1855.28
O100637,2024-04-27,1221,TX,store,Beauty,3,481.22,1443.66
O100638,2024-09-15,1036,FL,web,Home,5,256.93,1284.65
O100639,2024-09-24,1988,MA,mobile,Beauty,3,229.15,687.45
O100640,2024-02-23,1277,TX,web,Fashion,5,142.95,714.75
O100641,2024-08-23,1195,MA,mobile,Fashion,5,479.64,2398.2
O100642,2024-08-09,1915,MA,web,Sports,3,75.69,227.07
O100643,2024-09-07,1863,PA,web,Grocery,1,292.02,292.02
O100644,2024-04-21,1483,NY,web,Beauty,4,144.86,579.44
O100645,2024-09-11,1241,WA,mobile,Sports,5,143.11,715.55
O100646,2024-07-25,1323,TX,web,Electronics,5,205.46,1027.3
O100647,2024-08-16,1730,CA,mobile,Electronics,1,499.4,499.4
O100648,2024-03-06,1191,PA,web,Grocery,2,32.21,64.42
O100649,2024-03-15,1016,MA,web,Grocery,1,291.38,291.38
O100650,2024-04-12,1523,IL,mobile,Grocery,1,45.87,45.87
O100651,2024-07-10,1917,OH,web,Sports,5,81.49,407.45
O100652,2024-09-08,1400,WA,web,Electronics,4,222.58,890.32
O100653,2024-08-13,1905,PA,mobile,Fashion,1,257.68,257.68
O100654,2024-10-20,1885,MA,web,Grocery,2,133.1,266.2
O100655,2024-04-07,1704,TX,web,Home,3,161.65,484.95
O100656,2024-10-12,1021,CA,web,Toys,1,48.05,48.05
O100657,2024-09-05,1473,FL,store,Sports,1,155.09,155.09
O100658,2024-06-14,1119,OH,mobile,Grocery,2,483.45,966.9
O100659,2024-01-30,1209,CA,mobile,Toys,4,472.63,1890.52
O100660,2024-09-03,1305,IL,mobile,Books,1,170.76,170.76
O100661,2024-04-15,1269,NY,web,Grocery,1,287.57,287.57
O100662,2024-02-20,1703,WA,web,Electronics,4,455.25,1821.0
O100663,2024-03-21,1686,TX,mobile,Beauty,2,8.06,16.12
O100664,2024-05-12,1284,OH,web,Grocery,1,406.29,406.29
O100665,2024-10-11,1715,IL,web,Sports,4,474.44,1897.76
O100666,2024-05-17,1675,CA,web,Beauty,1,50.21,50.21
O100667,2024-07-02,1762,MA,web,Books,3,84.92,254.76
O100668,2024-09-29,1226,NY,store,Home,5,480.57,2402.85
O100669,2024-03-09,1947,NY,web,Beauty,3,271.08,813.24
O100670,2024-02-03,1380,CA,mobile,Toys,1,12.03,12.03
O100671,2024-09-18,1459,GA,web,Fashion,2,132.53,265.06
O100672,2024-02-22,1006,WA,store,Grocery,5,227.72,1138.6
O100673,2024-07-23,1028,TX,web,Books,3,347.99,1043.97
O100674,2024-05-05,1906,MA,web,Books,4,367.91,1471.64
O100675,2024-08-22,1032,GA,mobile,Beauty,2,497.73,995.46
O100676,2024-02-12,1645,FL,mobile,Home,3,147.32,441.96
O100677,2024-08-27,1878,MA,web,Electronics,4,271.42,1085.68
O100678,2024-04-20,1078,FL,web,Grocery,1,269.0,269.0
O100679,2024-09-05,1927,WA,web,Books,4,205.79,823.16
O100680,2024-05-30,1946,MA,web,Home,3,88.74,266.22
O100681,2024-07-01,1458,TX,web,Fashion,3,488.84,1466.52
O100682,2024-04-04,1569,TX,web,Books,1,427.39,427.39
O100683,2024-01-08,1982,NY,web,Home,4,251.67,1006.68
O100684,2024-07-02,1537,PA,web,Sports,4,303.61,1214.44
O100685,2024-10-07,1481,GA,mobile,Electronics,1,117.49,117.49
O100686,2024-07-13,1429,IL,store,Electronics,4,274.17,1096.68
O100687,2024-07-13,1737,TX,mobile,Books,1,349.01,349.01
O100688,2024-06-03,1284,TX,web,Toys,2,260.01,520.02
O100689,2024-04-02,1515,IL,web,Books,3,495.19,1485.57
O100690,2024-06-08,1976,WA,store,Beauty,2,307.61,615.22
O100691,2024-03-01,1098,MA,web,Grocery,5,188.63,943.15
O100692,2024-05-01,1396,TX,web,Home,5,387.22,1936.1
O100693,2024-02-20,1488,GA,mobile,Books,5,89.38,446.9
O100694,2024-10-03,1038,TX,mobile,Grocery,1,195.34,195.34
O100695,2024-01-05,1270,MA,mobile,Beauty,4,176.74,706.96
O100696,2024-04-01,1886,FL,web,Sports,2,218.74,437.48
O100697,2024-06-18,1796,NY,web,Sports,2,391.98,783.96
O100698,2024-01-22,1156,CA,store,Grocery,2,244.67,489.34
O100699,2024-01-01,1074,NY,web,Books,2,398.04,796.08
O100700,2024-05-12,1883,CA,mobile,Electronics,5,290.36,1451.8
O100701,2024-08-20,1799,FL,mobile,Home,2,174.32,348.64
O100702,2024-01-12,1129,TX,mobile,Home,4,405.94,1623.76
O100703,2024-02-15,1686,NY,web,Sports,5,122.95,614.75
O100704,2024-02-03,1973,GA,web,Sports,2,116.07,232.14
O100705,2024-03-18,1083,GA,mobile,Electronics,1,254.73,254.73
O100706,2024-08-05,1021,GA,store,Toys,3,134.12,402.36
O100707,2024-03-13,1458,NY,store,Books,3,9.5,28.5
O100708,2024-10-08,1538,TX,web,Sports,3,325.91,977.73
O100709,2024-09-05,1706,OH,web,Sports,5,257.99,1289.95
O100710,2024-02-16,1848,FL,store,Sports,2,225.53,451.06
O100711,2024-04-30,1381,MA,mobile,Home,5,483.65,2418.25
O100712,2024-08-01,1747,MA,store,Books,4,287.74,1150.96
O100713,2024-08-26,1439,TX,web,Beauty,1,432.4,432.4
O100714,2024-02-25,1603,PA,mobile,Books,1,74.03,74.03
O100715,2024-04-16,1988,WA,mobile,Grocery,3,286.76,860.28
O100716,2024-02-17,1020,TX,mobile,Electronics,3,434.65,1303.95
O100717,2024-03-01,1302,MA,web,Toys,3,293.64,880.92
O100718,2024-01-26,1975,IL,web,Sports,2,360.42,720.84
O100719,2024-10-18,1868,GA,mobile,Sports,4,189.16,756.64
O100720,2024-09-13,1954,CA,web,Books,4,50.76,203.04
O100721,2024-01-08,1083,FL,web,Toys,4,231.66,926.64
O100722,2024-04-22,1773,OH,store,Sports,4,200.27,801.08
O100723,2024-09-09,1658,NY,web,Toys,3,434.19,1302.57
O100724,2024-06-28,1952,TX,mobile,Beauty,1,125.78,125.78
O100725,2024-07-25,1452,CA,web,Fashion,3,483.53,1450.59
O100726,2024-05-06,1386,FL,mobile,Electronics,4,479.28,1917.12
O100727,2024-02-25,1506,WA,store,Toys,3,127.58,382.74
O100728,2024-08-01,1256,IL,web,Home,4,177.29,709.16
O100729,2024-01-14,1569,FL,web,Grocery,5,448.3,2241.5
O100730,2024-01-28,1891,TX,web,Home,1,483.48,483.48
O100731,2024-03-18,1933,PA,web,Sports,5,224.5,1122.5
O100732,2024-08-03,1526,WA,mobile,Beauty,2,163.89,327.78
O100733,2024-06-02,1161,NY,store,Beauty,3,265.42,796.26
O100734,2024-01-14,1956,IL,web,Home,2,345.45,690.9
O100735,2024-07-05,1162,FL,web,Electronics,3,140.37,421.11
O100736,2024-01-07,1831,CA,web,Home,5,369.55,1847.75
O100737,2024-01-03,1792,GA,mobile,Books,4,30.57,122.28
O100738,2024-04-20,1791,PA,web,Sports,4,29.4,117.6
O100739,2024-08-25,1523,CA,mobile,Sports,3,196.21,588.63
O100740,2024-08-26,1785,OH,mobile,Home,4,179.97,719.88
O100741,2024-09-30,1270,NY,mobile,Grocery,5,161.24,806.2
O100742,2024-10-20,1491,NY,web,Grocery,4,248.05,992.2
O100743,2024-08-14,1207,NY,mobile,Sports,5,163.76,818.8
O100744,2024-01-15,1538,PA,web,Fashion,2,100.17,200.34
O100745,2024-07-10,1583,IL,web,Grocery,5,158.19,790.95
O100746,2024-04-28,1059,NY,store,Home,1,487.58,487.58
O100747,2024-01-28,1429,TX,mobile,Grocery,1,208.5,208.5
O100748,2024-07-20,1984,IL,web,Sports,1,225.13,225.13
O100749,2024-02-08,1656,MA,web,Electronics,3,290.39,871.17
O100750,2024-09-29,1604,PA,web,Toys,3,491.75,1475.25
O100751,2024-08-18,1308,GA,web,Grocery,3,124.59,373.77
O100752,2024-03-26,1519,TX,web,Books,5,342.23,1711.15
O100753,2024-05-05,1590,OH,web,Electronics,3,359.41,1078.23
O100754,2024-10-26,1026,TX,web,Fashion,2,305.63,611.26
O100755,2024-01-25,1685,OH,mobile,Books,1,48.85,48.85
O100756,2024-05-24,1561,IL,mobile,Home,5,340.05,1700.25
O100757,2024-01-13,1198,IL,mobile,Toys,1,36.73,36.73
O100758,2024-07-30,1386,NY,web,Home,3,300.09,900.27
O100759,2024-01-25,1348,PA,store,Toys,5,371.09,1855.45
O100760,2024-03-08,1959,TX,mobile,Toys,4,109.43,437.72
O100761,2024-03-07,1939,NY,mobile,Home,2,421.6,843.2
O100762,2024-08-20,1692,MA,mobile,Books,3,20.03,60.09
O100763,2024-04-18,1535,WA,store,Books,3,422.69,1268.07
O100764,2024-05-25,1827,TX,mobile,Toys,2,232.86,465.72
O100765,2024-04-20,1377,FL,web,Books,2,112.71,225.42
O100766,2024-08-15,1898,PA,mobile,Toys,4,71.22,284.88
O100767,2024-04-20,1915,MA,mobile,Sports,3,476.89,1430.67
O100768,2024-02-03,1557,FL,mobile,Toys,3,40.97,122.91
O100769,2024-04-20,1526,NY,mobile,Sports,1,103.55,103.55
O100770,2024-09-20,1152,GA,web,Electronics,5,177.17,885.85
O100771,2024-08-23,1733,GA,web,Beauty,5,312.02,1560.1
O100772,2024-03-23,1205,WA,store,Electronics,1,274.68,274.68
O100773,2024-02-11,1454,FL,mobile,Home,5,67.19,335.95
O100774,2024-04-10,1272,CA,mobile,Beauty,2,148.42,296.84
O100775,2024-01-06,1893,TX,web,Grocery,5,123.18,615.9
O100776,2024-06-28,1235,GA,web,Home,5,110.7,553.5
O100777,2024-10-08,1851,TX,store,Fashion,1,208.52,208.52
O100778,2024-08-13,1739,CA,mobile,Electronics,4,353.5,1414.0
O100779,2024-08-16,1520,TX,mobile,Books,5,112.64,563.2
O100780,2024-10-15,1677,GA,web,Electronics,5,186.51,932.55
O100781,2024-05-29,1943,CA,mobile,Books,4,198.5,794.0
O100782,2024-10-03,1955,NY,web,Beauty,1,488.35,488.35
O100783,2024-07-16,1830,FL,mobile,Fashion,4,477.56,1910.24
O100784,2024-03-10,1725,GA,web,Beauty,1,401.07,401.07
O100785,2024-04-21,1500,MA,web,Fashion,2,124.62,249.24
O100786,2024-01-04,1116,NY,mobile,Electronics,1,38.68,38.68
O100787,2024-04-04,1385,NY,store,Books,2,161.87,323.74
O100788,2024-05-31,1343,CA,web,Beauty,2,137.06,274.12
O100789,2024-05-16,1583,TX,mobile,Fashion,1,255.43,255.43
O100790,2024-09-03,1394,FL,web,Toys,3,389.98,1169.94
O100791,2024-08-30,1063,IL,web,Home,1,429.87,429.87
O100792,2024-01-31,1716,IL,web,Home,5,423.21,2116.05
O100793,2024-02-09,1720,CA,web,Beauty,5,183.04,915.2
O100794,2024-08-16,1071,GA,mobile,Books,3,345.18,1035.54
O100795,2024-02-05,1788,TX,web,Toys,2,159.85,319.7
O100796,2024-08-10,1273,OH,web,Beauty,3,35.15,105.45
O100797,2024-01-06,1989,IL,store,Electronics,5,352.27,1761.35
O100798,2024-08-07,1319,NY,web,Fashion,3,9.86,29.58
O100799,2024-03-15,1337,IL,mobile,Sports,1,207.55,207.55
O100800,2024-01-04,1365,CA,web,Electronics,3,168.04,504.12
O100801,2024-05-13,1494,IL,mobile,Home,2,348.22,696.44
O100802,2024-04-27,1606,MA,web,Fashion,1,384.29,384.29
O100803,2024-04-03,1165,NY,web,Beauty,4,155.53,622.12
O100804,2024-03-02,1543,GA,web,Electronics,5,406.76,2033.8
O100805,2024-07-12,1010,NY,web,Grocery,5,150.49,752.45
O100806,2024-07-21,1300,GA,web,Sports,3,225.93,677.79
O100807,2024-01-26,1728,CA,mobile,Books,1,364.87,364.87
O100808,2024-06-21,1800,IL,store,Toys,4,348.0,1392.0
O100809,2024-10-26,1101,IL,mobile,Toys,1,493.75,493.75
O100810,2024-05-12,1424,TX,mobile,Books,5,116.45,582.25
O100811,2024-04-27,1391,CA,web,Grocery,1,332.85,332.85
O100812,2024-10-01,1778,NY,web,Home,4,306.79,1227.16
O100813,2024-07-30,1213,MA,web,Fashion,3,457.97,1373.91
O100814,2024-08-12,1690,CA,web,Books,2,82.4,164.8
O100815,2024-01-20,1087,IL,mobile,Grocery,1,377.14,377.14
O100816,2024-04-22,1552,PA,mobile,Beauty,2,286.29,572.58
O100817,2024-05-19,1400,GA,web,Sports,5,140.96,704.8
O100818,2024-02-16,1587,FL,web,Toys,3,239.85,719.55
O100819,2024-01-01,1888,FL,mobile,Sports,3,170.22,510.66
O100820,2024-03-30,1045,IL,mobile,Grocery,1,291.76,291.76
O100821,2024-05-21,1671,CA,web,Sports,3,445.06,1335.18
O100822,2024-02-07,1462,PA,store,Home,1,286.81,286.81
O100823,2024-10-19,1591,IL,store,Home,1,317.7,317.7
O100824,2024-05-18,1309,WA,web,Electronics,2,261.78,523.56
O100825,2024-09-15,1085,MA,web,Books,3,30.33,90.99
O100826,2024-06-09,1091,TX,mobile,Electronics,1,120.26,120.26
O100827,2024-06-26,1659,TX,store,Sports,2,248.54,497.08
O100828,2024-01-10,1672,GA,store,Toys,4,158.57,634.28
O100829,2024-09-17,1713,WA,web,Grocery,2,94.97,189.94
O100830,2024-05-17,1935,CA,web,Fashion,2,254.55,509.1
O100831,2024-06-20,1927,OH,mobile,Sports,1,164.79,164.79
O100832,2024-01-13,1241,MA,mobile,Fashion,5,132.76,663.8
O100833,2024-06-16,1864,TX,web,Home,5,234.67,1173.35
O100834,2024-05-09,1001,MA,store,Fashion,5,70.98,354.9
O100835,2024-03-24,1224,FL,mobile,Fashion,2,464.23,928.46
O100836,2024-04-10,1800,PA,mobile,Toys,1,434.51,434.51
O100837,2024-09-29,1744,CA,store,Fashion,3,355.27,1065.81
O100838,2024-09-21,1972,GA,mobile,Sports,2,57.58,115.16
O100839,2024-02-07,1925,CA,web,Grocery,2,389.06,778.12
O100840,2024-04-03,1928,PA,mobile,Fashion,1,404.94,404.94
O100841,2024-04-04,1588,FL,web,Beauty,4,385.04,1540.16
O100842,2024-03-09,1115,GA,mobile,Fashion,2,61.41,122.82
O100843,2024-08-23,1665,MA,web,Fashion,4,323.73,1294.92
O100844,2024-05-16,1917,OH,mobile,Electronics,4,417.99,1671.96
O100845,2024-03-16,1102,FL,web,Grocery,5,290.79,1453.95
O100846,2024-02-04,1193,CA,web,Sports,1,324.97,324.97
O100847,2024-01-01,1165,GA,web,Home,4,231.89,927.56
O100848,2024-10-22,1870,CA,web,Electronics,1,266.71,266.71
O100849,2024-02-29,1089,GA,mobile,Sports,5,22.02,110.1
O100850,2024-09-23,1685,MA,mobile,Books,1,321.29,321.29
O100851,2024-08-16,1121,FL,mobile,Grocery,2,45.32,90.64
O100852,2024-09-26,1142,WA,web,Beauty,4,220.33,881.32
O100853,2024-10-12,1993,MA,web,Grocery,1,149.86,149.86
O100854,2024-10-17,1105,CA,web,Books,3,274.99,824.97
O100855,2024-07-31,1886,MA,web,Books,1,71.04,71.04
O100856,2024-06-13,1427,TX,store,Books,4,347.36,1389.44
O100857,2024-01-05,1304,CA,web,Toys,5,398.53,1992.65
O100858,2024-03-18,1871,WA,web,Home,5,85.86,429.3
O100859,2024-03-02,1970,CA,web,Fashion,4,56.63,226.52
O100860,2024-05-11,1316,CA,web,Grocery,2,77.03,154.06
O100861,2024-03-29,1962,FL,mobile,Sports,2,439.18,878.36
O100862,2024-08-24,1634,MA,mobile,Toys,5,266.45,1332.25
O100863,2024-02-11,1901,PA,web,Sports,5,236.29,1181.45
O100864,2024-03-29,1008,GA,web,Fashion,4,57.82,231.28
O100865,2024-10-22,1773,IL,web,Fashion,2,326.53,653.06
O100866,2024-10-21,1072,WA,web,Beauty,5,434.66,2173.3
O100867,2024-04-13,1358,PA,web,Books,2,414.95,829.9
O100868,2024-01-14,1222,NY,store,Home,5,314.9,1574.5
O100869,2024-10-14,1415,MA,mobile,Beauty,1,42.26,42.26
O100870,2024-06-27,1552,NY,mobile,Electronics,3,60.64,181.92
O100871,2024-05-04,1369,FL,web,Toys,1,29.41,29.41
O100872,2024-01-23,1715,MA,web,Toys,5,132.45,662.25
O100873,2024-03-03,1263,WA,mobile,Home,3,72.15,216.45
O100874,2024-05-22,1839,OH,mobile,Fashion,3,133.72,401.16
O100875,2024-06-01,1689,GA,mobile,Sports,5,195.6,978.0
O100876,2024-05-24,1859,TX,web,Toys,5,471.78,2358.9
O100877,2024-08-12,1317,MA,mobile,Home,2,307.14,614.28
O100878,2024-04-13,1083,GA,web,Toys,5,418.31,2091.55
O100879,2024-04-13,1317,WA,store,Toys,4,356.62,1426.48
O100880,2024-02-08,1110,MA,mobile,Books,5,60.69,303.45
O100881,2024-07-16,1250,MA,mobile,Electronics,4,369.28,1477.12
O100882,2024-05-13,1382,PA,web,Books,5,141.17,705.85
O100883,2024-03-07,1006,IL,mobile,Electronics,2,321.36,642.72
O100884,2024-06-27,1458,GA,web,Toys,4,173.78,695.12
O100885,2024-02-11,1083,GA,web,Beauty,1,498.85,498.85
O100886,2024-01-15,1207,WA,web,Sports,4,135.46,541.84
O100887,2024-04-20,1899,TX,mobile,Fashion,2,143.17,286.34
O100888,2024-06-05,1389,TX,web,Toys,4,465.68,1862.72
O100889,2024-10-15,1313,CA,web,Electronics,5,17.2,86.0
O100890,2024-08-18,1021,TX,store,Electronics,5,349.86,1749.3
O100891,2024-06-05,1409,FL,web,Electronics,2,364.04,728.08
O100892,2024-02-07,1894,IL,mobile,Toys,3,419.01,1257.03
O100893,2024-04-06,1514,PA,web,Home,5,487.35,2436.75
O100894,2024-10-15,1126,TX,web,Beauty,1,487.92,487.92
O100895,2024-09-10,1808,IL,mobile,Home,2,37.31,74.62
O100896,2024-07-14,1699,IL,web,Fashion,4,411.81,1647.24
O100897,2024-03-26,1873,WA,web,Toys,4,324.92,1299.68
O100898,2024-01-10,1013,FL,mobile,Electronics,1,325.43,325.43
O100899,2024-01-05,1970,NY,mobile,Beauty,5,68.53,342.65
O100900,2024-05-02,1977,TX,mobile,Beauty,2,326.84,653.68
O100901,2024-04-27,1011,MA,web,Grocery,1,491.33,491.33
O100902,2024-10-20,1086,CA,web,Fashion,5,456.35,2281.75
O100903,2024-06-07,1523,TX,mobile,Sports,2,222.37,444.74
O100904,2024-08-15,1908,IL,mobile,Sports,4,24.77,99.08
O100905,2024-08-03,1536,OH,mobile,Beauty,2,184.34,368.68
O100906,2024-07-02,1300,IL,mobile,Toys,3,414.06,1242.18
O100907,2024-01-15,1242,FL,mobile,Electronics,2,352.24,704.48
O100908,2024-06-05,1121,TX,web,Electronics,3,232.38,697.14
O100909,2024-05-15,1146,IL,web,Beauty,2,32.28,64.56
O100910,2024-09-17,1566,MA,mobile,Home,3,216.31,648.93
O100911,2024-06-05,1749,CA,web,Fashion,4,237.17,948.68
O100912,2024-02-16,1355,CA,web,Electronics,5,464.63,2323.15
O100913,2024-06-21,1684,TX,store,Beauty,3,322.34,967.02
O100914,2024-05-09,1903,MA,store,Electronics,3,159.27,477.81
O100915,2024-04-04,1732,NY,web,Sports,4,265.03,1060.12
O100916,2024-04-24,1630,CA,web,Beauty,3,37.7,113.1
O100917,2024-08-30,1308,OH,web,Fashion,1,486.42,486.42
O100918,2024-10-18,1694,CA,mobile,Beauty,4,183.23,732.92
O100919,2024-10-08,1287,TX,store,Grocery,1,241.54,241.54
O100920,2024-10-25,1306,NY,web,Beauty,4,180.87,723.48
O100921,2024-10-09,1811,IL,web,Beauty,3,342.84,1028.52
O100922,2024-03-09,1593,CA,store,Toys,1,332.8,332.8
O100923,2024-05-27,1965,NY,web,Sports,3,359.08,1077.24
O100924,2024-01-11,1913,TX,mobile,Fashion,4,137.73,550.92
O100925,2024-09-10,1722,MA,store,Toys,3,161.26,483.78
O100926,2024-02-07,1661,MA,web,Beauty,1,67.0,67.0
O100927,2024-05-13,1548,NY,mobile,Fashion,1,329.48,329.48
O100928,2024-07-18,1351,MA,web,Grocery,3,24.7,74.1
O100929,2024-01-23,1311,MA,web,Fashion,2,300.85,601.7
O100930,2024-08-05,1872,CA,mobile,Electronics,4,435.5,1742.0
O100931,2024-05-20,1058,GA,web,Toys,4,445.96,1783.84
O100932,2024-04-13,1642,WA,store,Fashion,3,227.27,681.81
O100933,2024-07-28,1923,TX,mobile,Sports,2,232.36,464.72
O100934,2024-04-20,1713,CA,web,Grocery,1,43.1,43.1
O100935,2024-04-13,1754,PA,web,Books,5,337.03,1685.15
O100936,2024-06-19,1034,TX,web,Beauty,5,411.52,2057.6
O100937,2024-05-12,1444,MA,web,Fashion,3,126.1,378.3
O100938,2024-10-19,1092,IL,web,Beauty,2,213.54,427.08
O100939,2024-05-06,1949,MA,web,Home,2,420.23,840.46
O100940,2024-04-15,1958,CA,web,Electronics,4,439.17,1756.68
O100941,2024-04-01,1206,TX,mobile,Toys,1,125.37,125.37
O100942,2024-10-13,1352,GA,mobile,Electronics,2,277.53,555.06
O100943,2024-02-20,1902,TX,mobile,Home,5,100.28,501.4
O100944,2024-01-29,1331,FL,web,Home,1,55.43,55.43
O100945,2024-10-22,1816,OH,web,Toys,1,456.0,456.0
O100946,2024-10-23,1861,NY,mobile,Fashion,3,411.15,1233.45
O100947,2024-08-01,1724,CA,web,Home,2,381.22,762.44
O100948,2024-09-23,1158,TX,web,Books,3,29.14,87.42
O100949,2024-09-13,1953,TX,mobile,Beauty,2,422.65,845.3
O100950,2024-04-10,1956,TX,mobile,Beauty,4,221.83,887.32
O100951,2024-04-19,1023,PA,mobile,Grocery,3,174.49,523.47
O100952,2024-06-30,1403,FL,web,Sports,3,275.51,826.53
O100953,2024-01-01,1804,IL,mobile,Home,5,50.22,251.1
O100954,2024-02-24,1515,CA,mobile,Home,3,379.54,1138.62
O100955,2024-05-28,1731,GA,mobile,Books,2,293.31,586.62
O100956,2024-05-16,1363,OH,mobile,Electronics,5,97.36,486.8
O100957,2024-07-20,1381,GA,mobile,Electronics,3,98.17,294.51
O100958,2024-04-26,1531,MA,mobile,Beauty,3,96.2,288.6
O100959,2024-06-02,1955,IL,web,Beauty,4,33.22,132.88
O100960,2024-10-17,1151,MA,mobile,Fashion,3,295.96,887.88
O100961,2024-03-03,1561,CA,mobile,Toys,1,420.97,420.97
O100962,2024-08-31,1688,MA,mobile,Sports,5,13.66,68.3
O100963,2024-01-25,1946,IL,web,Books,1,29.26,29.26
O100964,2024-03-30,1607,IL,web,Toys,5,288.52,1442.6
O100965,2024-03-15,1616,MA,store,Toys,4,410.65,1642.6
O100966,2024-10-20,1419,CA,mobile,Grocery,3,166.74,500.22
O100967,2024-07-28,1249,TX,store,Toys,3,178.06,534.18
O100968,2024-01-17,1116,CA,mobile,Grocery,3,300.19,900.57
O100969,2024-05-07,1865,NY,mobile,Toys,5,140.74,703.7
O100970,2024-09-07,1511,TX,mobile,Books,3,18.17,54.51
O100971,2024-06-27,1739,FL,store,Grocery,1,368.94,368.94
O100972,2024-06-30,1577,MA,mobile,Electronics,3,314.7,944.1
O100973,2024-05-31,1334,MA,mobile,Grocery,4,292.47,1169.88
O100974,2024-01-25,1417,CA,web,Grocery,1,372.13,372.13
O100975,2024-06-28,1931,PA,web,Books,3,339.24,1017.72
O100976,2024-07-16,1773,IL,mobile,Books,3,106.91,320.73
O100977,2024-06-09,1294,IL,web,Grocery,2,179.48,358.96
O100978,2024-06-25,1937,CA,web,Sports,5,67.42,337.1
O100979,2024-10-11,1754,WA,web,Home,1,69.28,69.28
O100980,2024-03-03,1370,MA,web,Sports,2,339.72,679.44
O100981,2024-05-29,1185,IL,web,Books,4,430.01,1720.04
O100982,2024-06-02,1245,PA,web,Sports,5,481.55,2407.75
O100983,2024-06-04,1636,IL,store,Sports,1,316.03,316.03
O100984,2024-02-18,1267,GA,mobile,Fashion,3,96.13,288.39
O100985,2024-03-24,1642,FL,web,Fashion,1,57.3,57.3
O100986,2024-06-25,1236,NY,web,Electronics,3,407.36,1222.08
O100987,2024-05-27,1529,PA,mobile,Toys,5,291.48,1457.4
O100988,2024-04-27,1551,MA,web,Grocery,3,311.05,933.15
O100989,2024-03-03,1020,WA,mobile,Home,4,391.82,1567.28
O100990,2024-07-07,1910,NY,mobile,Electronics,3,353.12,1059.36
O100991,2024-02-18,1736,MA,mobile,Grocery,4,418.06,1672.24
O100992,2024-09-13,1866,TX,web,Sports,5,32.83,164.15
O100993,2024-08-11,1793,CA,mobile,Books,5,375.02,1875.1
O100994,2024-05-20,1519,TX,web,Fashion,1,426.17,426.17
O100995,2024-08-02,1099,WA,store,Beauty,4,146.64,586.56
O100996,2024-07-29,1751,MA,mobile,Home,4,322.02,1288.08
O100997,2024-02-01,1477,NY,web,Sports,2,160.51,321.02
O100998,2024-06-06,1598,WA,web,Beauty,2,479.2,958.4
O100999,2024-10-11,1297,CA,web,Fashion,2,21.54,43.08
